gene1,gene2,type,CC_sum,MF_sum,BP_sum
CNOT8,CNOT7,Robust,14,11,25
ARFGEF2,ARFGEF1,Robust,15,7,14
SAR1B,SAR1A,Robust,8,5,17
CHMP1B,CHMP1A,Robust,16,9,25
GSK3B,GSK3A,Robust,25,27,79
SLC25A37,SLC25A28,Robust,0,3,2
TIAL1,TIA1,Robust,9,4,6
CCNL2,CCNL1,Robust,6,4,2
CSTF2T,CSTF2,Robust,10,7,9
MAPK3,MAPK1,Robust,32,14,85
NDEL1,NDE1,Robust,12,6,26
ASF1B,ASF1A,Robust,8,5,10
FAM50B,FAM50A,Robust,7,2,2
HSP90AB1,HSP90AA1,Robust,42,44,60
PITPNB,PITPNA,Robust,6,26,8
EAF2,EAF1,Robust,8,4,7
PDS5B,PDS5A,Robust,17,3,10
PMM2,PMM1,Robust,7,5,8
CAPZA2,CAPZA1,Robust,12,6,16
CDS2,CDS1,Robust,7,5,7
CHML,CHM,Robust,15,6,11
CLASP2,CLASP1,Robust,39,13,60
DDX39B,DDX39A,Robust,13,17,19
LARP1B,LARP1,Robust,7,14,13
SEC23B,SEC23A,Robust,14,5,8
TLK2,TLK1,Robust,8,10,20
NABP2,NABP1,Robust,15,7,20
CSNK1E,CSNK1D,Robust,18,13,40
CSNK2A2,CSNK2A1,Robust,22,14,34
DDX19B,DDX19A,Robust,9,8,4
DNAJA2,DNAJA1,Robust,12,14,11
KDELR2,KDELR1,Robust,18,5,9
PTP4A2,PTP4A1,Robust,8,5,2
TTC7B,TTC7A,Robust,4,1,7
ARID1B,ARID1A,Robust,14,6,14
DMXL2,DMXL1,Robust,4,1,2
SMARCA4,SMARCA2,Robust,19,23,38
ATP6V0A2,ATP6V0A1,Robust,19,7,16
ATP6V1C2,ATP6V1C1,Robust,9,4,9
EIF1B,EIF1,Robust,5,11,1
EPC2,EPC1,Robust,9,3,11
FAM126B,FAM126A,Robust,4,2,6
HDAC2,HDAC1,Robust,25,35,52
SNRPB2,SNRPA,Robust,16,8,7
UAP1L1,UAP1,Robust,4,3,3
DDX5,DDX17,Robust,19,19,28
IDH3G,IDH3B,Robust,8,5,6
NRDC,IDE,Robust,18,13,24
PAPOLG,PAPOLA,Robust,11,7,8
SRRM3,SRRM2,Robust,7,5,3
ZC3H6,ZC3H4,Robust,7,4,1
AKIRIN2,AKIRIN1,Robust,9,6,8
CKS2,CKS1B,Robust,5,10,2
DRG2,DRG1,Robust,14,11,7
IREB2,ACO1,Robust,12,21,11
POC1B,POC1A,Robust,8,2,4
RALB,RALA,Robust,13,20,19
RPL22L1,RPL22,Robust,7,8,6
RPS27L,RPS27,Robust,10,10,13
SRSF6,SRSF4,Robust,7,10,26
SSH2,SSH1,Robust,5,10,11
TRA2B,TRA2A,Robust,12,10,11
UBE2B,UBE2A,Robust,10,10,37
VAPB,VAPA,Robust,19,17,24
VPS4B,VPS4A,Robust,29,15,58
DYNC1LI2,DYNC1LI1,Robust,14,6,10
ROCK2,ROCK1,Robust,14,16,105
CCNE2,CCNE1,Robust,19,4,12
FNIP2,FNIP1,Robust,8,12,12
CAB39L,CAB39,Robust,7,7,13
CRKL,CRK,Robust,8,15,32
DYNLT3,DYNLT1,Robust,8,4,2
GABPB2,GABPB1,Robust,7,6,5
MEF2D,MEF2A,Robust,10,27,21
RRAGD,RRAGC,Robust,21,16,20
STK39,OXSR1,Robust,6,10,27
STX7,STX12,Robust,33,9,14
RRAGB,RRAGA,Robust,18,15,27
FKBP5,FKBP4,Robust,11,11,9
GAK,DNAJC6,Robust,13,5,17
RPP25L,RPP25,Robust,7,8,4
XYLT2,XYLT1,Robust,5,7,12
BRD3,BRD2,Robust,4,7,5
CDK6,CDK4,Robust,22,14,36
CHPT1,CEPT1,Robust,6,6,8
DYNLL2,DYNLL1,Robust,30,6,18
EP300,CREBBP,Robust,15,55,87
GDI2,GDI1,Robust,13,6,8
GFPT2,GFPT1,Robust,3,3,11
IMPDH2,IMPDH1,Robust,20,6,7
MBNL2,MBNL1,Robust,10,8,5
PFN2,PFN1,Robust,11,15,22
PRKAR1B,PRKAR1A,Robust,13,12,17
PTBP2,PTBP1,Robust,6,7,17
SLC20A2,SLC20A1,Robust,7,6,6
STAG2,STAG1,Robust,27,4,5
TIMM17B,TIMM17A,Robust,12,3,4
ZFP36L2,ZFP36L1,Robust,5,8,36
G3BP2,G3BP1,Conditional,10,9,8
AP2A2,AP2A1,Conditional,19,10,27
SEC24B,SEC24A,Conditional,13,8,14
SAFB2,SAFB,Conditional,10,8,7
STAM2,STAM,Conditional,13,3,17
ARPC1B,ARPC1A,Conditional,10,5,9
ARPC5L,ARPC5,Conditional,14,6,12
MED13L,MED13,Conditional,7,5,6
YIF1B,YIF1A,Conditional,15,2,3
COQ10B,COQ10A,Conditional,2,2,4
CCNT2,CCNT1,Conditional,16,13,21
COPS7B,COPS7A,Conditional,11,2,8
AP2B1,AP1B1,Conditional,18,8,13
DYNC1I2,DYNC1I1,Conditional,14,8,12
MAP2K2,MAP2K1,Conditional,24,21,35
RANBP6,IPO5,Conditional,6,9,4
SEPHS2,SEPHS1,Conditional,4,6,4
SHMT2,SHMT1,Conditional,23,29,43
UPF3B,UPF3A,Conditional,17,7,13
HNRNPD,HNRNPAB,Conditional,8,9,10
MFN2,MFN1,Conditional,9,8,20
PSPC1,NONO,Conditional,10,9,9
FNDC3B,FNDC3A,Conditional,2,2,0
MTMR4,MTMR3,Conditional,12,15,16
PUM2,PUM1,Conditional,13,14,23
PCMTD2,PCMTD1,Conditional,2,4,0
ACACB,ACACA,Conditional,8,7,10
ACSL4,ACSL3,Conditional,20,11,17
ALAS2,ALAS1,Conditional,9,6,13
ARL8B,ARL8A,Conditional,18,7,3
ATP6V1E2,ATP6V1E1,Conditional,5,5,8
CCT6B,CCT6A,Conditional,11,7,10
CHD2,CHD1,Conditional,3,6,4
COPG2,COPG1,Conditional,18,1,13
EEF1A2,EEF1A1,Conditional,18,13,9
KAT2B,KAT2A,Conditional,17,22,34
KATNAL1,KATNA1,Conditional,13,11,5
NCK2,NCK1,Conditional,11,10,29
OAZ2,OAZ1,Conditional,6,6,6
PAXBP1,GCFC2,Conditional,9,1,4
PPA2,PPA1,Conditional,6,5,7
PPP2R1B,PPP2R1A,Conditional,14,9,11
PSMB9,PSMB6,Conditional,18,5,53
PYCR2,PYCR1,Conditional,4,6,10
RABL2B,RABL2A,Conditional,6,3,4
RHPN2,RHPN1,Conditional,2,1,0
RRM2B,RRM2,Conditional,7,5,6
SEC11C,SEC11A,Conditional,4,4,2
SOS2,SOS1,Conditional,4,4,16
SPOPL,SPOP,Conditional,8,5,8
TMED7,TMED3,Conditional,25,0,10
TMEM161B,TMEM161A,Conditional,0,1,5
TMEM185B,TMEM185A,Conditional,1,1,0
TNKS2,TNKS,Conditional,21,13,42
TOP1MT,TOP1,Conditional,16,16,13
TOP2B,TOP2A,Conditional,18,23,16
XPO7,RANBP17,Conditional,7,4,3
ZNF76,ZNF143,Conditional,1,11,11
ARG2,ARG1,Conditional,11,7,12
MLLT3,MLLT1,Conditional,11,6,11
RPRD1B,RPRD1A,Conditional,8,6,9
TRAPPC6B,TRAPPC6A,Conditional,8,2,5
TRIB2,TRIB1,Conditional,4,7,13
USP49,USP44,Conditional,5,7,7
ARID4B,ARID4A,Conditional,12,5,4
CCNI2,CCNI,Conditional,6,3,4
CDK13,CDK12,Conditional,18,15,18
DAGLB,DAGLA,Conditional,10,3,16
DCP1B,DCP1A,Conditional,10,7,9
ELL2,ELL,Conditional,12,3,11
EXOC3L1,EXOC3,Conditional,4,6,4
KMT2B,KMT2A,Conditional,11,15,23
LIMK2,LIMK1,Conditional,13,9,18
PEX5L,PEX5,Conditional,14,13,9
SCO2,SCO1,Conditional,8,3,5
STXBP6,EXOC1,Conditional,10,4,9
TAF5L,TAF5,Conditional,13,6,13
TASP1,ASRGL1,Conditional,5,8,6
USP38,USP35,Conditional,4,7,4
USP42,USP36,Conditional,9,9,15
ADCY6,ADCY5,Conditional,6,7,33
ATP6V0E2,ATP6V0E1,Conditional,4,3,12
BMP8B,BMP8A,Conditional,2,4,10
CDH9,CDH6,Conditional,9,5,15
CDK11B,CDK11A,Conditional,4,9,10
CHCHD2,CHCHD10,Conditional,10,6,13
CLCN2,CLCN1,Conditional,7,6,7
CUL4B,CUL4A,Conditional,17,7,40
DNAH17,DNAH11,Conditional,14,6,8
ELK4,ELK1,Conditional,9,16,10
GNB2,GNB1,Conditional,20,10,11
HNRNPLL,HNRNPL,Conditional,10,9,7
HOMER3,HOMER1,Conditional,11,7,13
KLKB1,F11,Conditional,8,2,11
LMTK2,AATK,Conditional,8,7,16
ORAI3,ORAI1,Conditional,8,7,7
PLAGL2,PLAG1,Conditional,5,11,3
PLCL2,PLCL1,Conditional,0,3,3
POM121C,POM121,Conditional,6,6,22
PRELID3B,PRELID3A,Conditional,2,4,3
RBBP7,RBBP4,Conditional,19,5,18
RPRML,RPRM,Conditional,1,1,1
SEC24D,SEC24C,Conditional,14,10,14
SYNCRIP,HNRNPR,Conditional,14,9,12
TCF7L2,TCF7,Conditional,13,22,33
TRIM16L,TRIM16,Conditional,6,4,9
TRIM63,TRIM54,Conditional,3,5,2
USP6,USP32,Conditional,7,8,5
UTY,KDM6B,Conditional,4,8,7
GOLPH3L,GOLPH3,Others,17,7,28
SBF2,SBF1,Others,11,4,2
ABL2,ABL1,Others,16,41,71
ARFIP2,ARFIP1,Others,12,12,11
BICD2,BICD1,Others,24,17,22
EZH2,EZH1,Others,7,13,20
GIT2,GIT1,Others,8,2,4
IKBKB,CHUK,Others,12,23,70
ITSN2,ITSN1,Others,15,6,13
LATS2,LATS1,Others,10,13,34
NBEA,LRBA,Others,5,3,3
NET1,ARHGEF3,Others,2,2,14
NUMBL,NUMB,Others,5,4,6
PACS2,PACS1,Others,3,5,9
PSEN2,PSEN1,Others,67,16,78
RANBP9,RANBP10,Others,12,3,8
RIC8B,RIC8A,Others,6,8,3
RNF2,RING1,Others,18,10,9
SEC23IP,DDHD2,Others,12,5,4
SIKE1,FGFR1OP2,Others,2,4,1
SMARCC2,SMARCC1,Others,18,7,13
SPAG9,MAPK8IP3,Others,7,10,8
SS18L1,SS18,Others,6,3,4
TNPO2,TNPO1,Others,7,7,5
TOB2,TOB1,Others,6,5,8
ULK2,ULK1,Others,13,10,18
UNC119B,UNC119,Others,13,6,17
YIPF2,YIPF1,Others,13,2,0
ZMIZ2,ZMIZ1,Others,8,6,12
ADIPOR2,ADIPOR1,Others,8,9,12
ARHGAP5,ARHGAP35,Others,7,6,4
CRY2,CRY1,Others,8,13,13
DDI2,DDI1,Others,2,5,10
DEGS2,DEGS1,Others,8,9,8
ENTPD7,ENTPD4,Others,9,15,14
ERC2,ERC1,Others,8,5,9
EVI5L,EVI5,Others,1,8,8
GXYLT2,GXYLT1,Others,0,4,4
GYS2,GYS1,Others,5,10,7
LIN28B,LIN28A,Others,12,7,13
NR2C2,NR2C1,Others,5,18,16
PAFAH1B3,PAFAH1B2,Others,14,7,7
PRPSAP2,PRPSAP1,Others,4,8,6
RBPMS2,RBPMS,Others,5,12,6
RCBTB2,RCBTB1,Others,1,2,0
RHBDF2,RHBDF1,Others,5,2,10
RHOT2,RHOT1,Others,12,7,15
RNF44,RNF38,Others,2,3,1
SAP30L,SAP30,Others,9,11,3
SLC41A2,SLC41A1,Others,7,6,5
SMURF2,SMURF1,Others,12,15,46
SPRED2,SPRED1,Others,6,7,20
SPTAN1,SPTA1,Others,14,6,8
SPTLC3,SPTLC2,Others,6,5,10
TANC2,TANC1,Others,1,1,0
THOP1,NLN,Others,4,5,5
TLN2,TLN1,Others,11,8,8
TMEM39B,TMEM39A,Others,4,1,5
ATAD2B,ATAD2,Others,7,9,6
DUSP8,DUSP16,Others,7,11,13
FLOT2,FLOT1,Others,51,3,44
HMG20B,HMG20A,Others,5,3,3
KAT6B,KAT6A,Others,12,18,19
LSM14B,LSM14A,Others,8,6,6
PHLPP2,PHLPP1,Others,11,4,9
RC3H2,RC3H1,Others,5,19,12
SMAP2,SMAP1,Others,0,3,1
SOCS5,SOCS4,Others,3,5,7
SUCLG2,SUCLA2,Others,11,5,6
TRAK2,TRAK1,Others,9,8,12
UBAP2L,UBAP2,Others,6,5,4
UBE2V2,UBE2V1,Others,17,2,21
ABHD5,ABHD4,Others,9,10,10
ACVR2B,ACVR2A,Others,16,15,31
ADAP2,ADAP1,Others,10,6,4
AK4,AK3,Others,8,10,19
ALG10B,ALG10,Others,3,5,5
ANKRD13D,ANKRD13A,Others,9,4,3
AP3M2,AP3M1,Others,7,2,5
AP3S2,AP3S1,Others,8,1,3
APH1B,APH1A,Others,20,11,44
ARHGEF7,ARHGEF6,Others,6,6,18
ASAP2,ASAP1,Others,3,5,4
ATF7,ATF2,Others,11,28,18
ATP6V1B2,ATP6V1B1,Others,8,4,16
B4GALT2,B4GALT1,Others,19,11,10
BAG4,BAG3,Others,19,13,24
BCL11B,BCL11A,Others,3,8,8
BTBD11,ABTB2,Others,0,1,1
BTBD2,BTBD1,Others,10,4,3
BTN2A2,BTN2A1,Others,5,4,5
BZW2,BZW1,Others,6,4,0
CADPS2,CADPS,Others,5,1,4
CAMKK2,CAMKK1,Others,7,7,12
CAND2,CAND1,Others,18,2,11
CAP2,CAP1,Others,6,6,13
CCNYL1,CCNY,Others,7,5,5
CDC42BPB,CDC42BPA,Others,10,9,14
CDH3,CDH1,Others,27,13,32
CERKL,CERK,Others,5,7,8
CHSY3,CHSY1,Others,4,6,6
CLTB,CLTA,Others,19,6,10
CLTCL1,CLTC,Others,33,10,28
CNNM4,CNNM2,Others,7,6,7
COPZ2,COPZ1,Others,12,0,11
CREB1,ATF1,Others,15,22,8
CREM,ATF1,Others,10,15,6
CTPS2,CTPS1,Others,8,11,13
CUX2,CUX1,Others,10,10,6
CYFIP2,CYFIP1,Others,17,4,23
DGKZ,DGKI,Others,14,7,17
DHRS4L2,DHRS4,Others,5,5,4
DIAPH3,DIAPH1,Others,6,4,9
DNAJB14,DNAJB12,Others,8,4,12
DPP9,DPP8,Others,4,3,1
DUOX2,DUOX1,Others,18,7,19
DYNLRB2,DYNLRB1,Others,12,3,4
DYRK3,DYRK2,Others,20,14,22
EFR3B,EFR3A,Others,7,1,6
ENOX2,ENOX1,Others,3,2,1
ENSA,ARPP19,Others,4,9,7
ERLIN2,ERLIN1,Others,14,6,12
ERO1B,ERO1A,Others,7,8,9
ESRP2,ESRP1,Others,11,8,6
EXOC6B,EXOC6,Others,6,2,4
FAHD2B,FAHD2A,Others,0,3,0
FAM200B,FAM200A,Others,0,1,0
FAM76B,FAM76A,Others,2,1,0
FEZ2,FEZ1,Others,5,2,8
FEZF2,FEZF1,Others,3,3,2
FHOD3,FHOD1,Others,10,7,10
FIGNL1,FIGN,Others,4,6,4
FN3KRP,FN3K,Others,3,6,5
FOXN3,FOXN2,Others,7,10,4
FRS3,FRS2,Others,6,8,13
FRYL,FRY,Others,4,1,4
GFOD2,GFOD1,Others,1,1,1
GLB1L,GLB1,Others,10,7,5
GNA13,GNA12,Others,13,10,16
GNPDA2,GNPDA1,Others,6,7,13
GOLT1B,GOLT1A,Others,11,3,2
GPR108,GPR107,Others,7,2,3
GRIP2,GRIP1,Others,4,5,2
GRK3,GRK2,Others,7,6,12
HEATR5B,HEATR5A,Others,3,1,6
HEXB,HEXA,Others,12,8,12
HIPK3,HIPK1,Others,15,7,14
HMGCLL1,HMGCL,Others,14,9,13
HMGCS2,HMGCS1,Others,6,7,11
IDH2,IDH1,Others,18,9,11
IFRD2,IFRD1,Others,2,2,2
IPO8,IPO7,Others,10,7,6
IQGAP3,IQGAP1,Others,18,23,12
JUP,CTNNB1,Others,48,41,79
KBTBD7,KBTBD6,Others,4,4,5
KCNT2,KCNT1,Others,5,5,1
KCTD5,KCTD2,Others,5,6,2
KDM5B,KDM5A,Others,8,24,8
KMT2D,KMT2C,Others,9,13,13
LCORL,LCOR,Others,3,9,4
LDB2,LDB1,Others,12,10,9
LIN7C,LIN7B,Others,14,8,9
LMAN2L,LMAN2,Others,17,8,10
LMBR1L,LMBR1,Others,5,5,5
LMNB2,LMNB1,Others,8,5,2
MACF1,DST,Others,27,13,18
MAGOHB,MAGOH,Others,13,4,18
MANF,CDNF,Others,8,3,6
MAP3K3,MAP3K2,Others,3,6,12
MAPKAPK3,MAPKAPK2,Others,14,16,32
MAT2A,MAT1A,Others,6,8,12
MBTD1,L3MBTL2,Others,4,11,3
MED12L,MED12,Others,6,9,6
METTL2B,METTL2A,Others,0,5,2
MKNK2,MKNK1,Others,8,13,14
MMD2,MMD,Others,4,4,7
MORF4L2,MORF4L1,Others,12,3,14
MRFAP1L1,MRFAP1,Others,1,3,0
MTHFD2L,MTHFD2,Others,6,15,5
MYEF2,HNRNPM,Others,18,6,10
MYL6B,MYL6,Others,12,6,6
MZT2B,MZT2A,Others,16,2,0
NAA11,NAA10,Others,13,11,10
NAA16,NAA15,Others,16,8,9
NAP1L4,NAP1L1,Others,7,10,5
NAPB,NAPA,Others,10,6,13
NBEAL2,NBEAL1,Others,8,3,4
NCKAP1L,NCKAP1,Others,14,6,34
NETO2,NETO1,Others,0,0,1
NFIC,NFIA,Others,9,13,7
NIPSNAP2,NIPSNAP1,Others,5,2,3
NKAPL,NKAP,Others,4,5,6
NKIRAS2,NKIRAS1,Others,4,0,0
NMT2,NMT1,Others,13,9,10
NOVA2,NOVA1,Others,7,5,12
NPAS2,CLOCK,Others,17,19,26
NT5DC3,NT5DC2,Others,1,2,0
NUCB2,NUCB1,Others,12,4,2
NUP210L,NUP210,Others,4,0,9
NXT2,NXT1,Others,10,2,5
PAPSS2,PAPSS1,Others,2,6,10
PARD3B,PARD3,Others,17,4,19
PCCB,MCCC2,Others,12,5,7
PGK2,PGK1,Others,10,9,11
PGM5,PGM1,Others,18,5,11
PHF20L1,PHF20,Others,10,2,11
PHIP,BRWD1,Others,6,3,14
PHTF2,PHTF1,Others,1,0,0
PLCD4,PLCD1,Others,7,7,6
PNMA1,MOAP1,Others,8,3,8
PPIP5K2,PPIP5K1,Others,7,13,7
PPM1B,PPM1A,Others,12,7,22
PPP3CB,PPP3CA,Others,19,21,31
PRAF2,ARL6IP5,Others,3,3,6
PRDM16,MECOM,Others,12,12,11
PRKAB2,PRKAB1,Others,11,7,18
PRPF40B,PRPF40A,Others,8,5,7
PURB,PURA,Others,5,11,5
PUS7L,PUS7,Others,3,7,7
PXDNL,PXDN,Others,8,7,3
R3HDM2,R3HDM1,Others,0,3,0
RAD23B,RAD23A,Others,18,14,18
RALGAPA2,RALGAPA1,Others,6,3,0
RALGPS2,RALGPS1,Others,1,2,1
RAPGEF6,RAPGEF2,Others,15,13,28
RBPJL,RBPJ,Others,10,18,13
RPL10L,RPL10,Others,16,7,12
RPL3L,RPL3,Others,15,6,6
RPS6KB2,RPS6KB1,Others,8,9,22
RSBN1L,RSBN1,Others,2,0,0
SAMD4B,SAMD4A,Others,6,9,7
SEC61A2,SEC61A1,Others,6,9,10
SFXN2,SFXN1,Others,5,8,9
SGTB,SGTA,Others,8,7,11
SIRT3,SIRT2,Others,19,25,34
SLC11A2,SLC11A1,Others,39,27,23
SLC25A2,SLC25A15,Others,2,3,4
SLC25A36,SLC25A33,Others,1,4,21
SLC41A3,SLC41A1,Others,7,6,5
SMARCA5,SMARCA1,Others,17,13,16
SNRPN,SNRPB,Others,38,5,14
SNX2,SNX1,Others,23,21,9
STRIP2,STRIP1,Others,7,3,7
STX6,STX10,Others,23,8,15
TAF1L,TAF1,Others,13,26,38
TAF9B,TAF9,Others,16,17,27
TBC1D22B,TBC1D22A,Others,0,7,4
TBPL2,TBP,Others,11,16,17
TIGD2,JRKL,Others,2,2,1
TIMM23B,TIMM23,Others,11,4,4
TMED5,TMED1,Others,14,3,10
TMED9,TMED4,Others,17,2,13
TMEM30B,TMEM30A,Others,13,4,11
TMEM50B,TMEM50A,Others,3,3,3
TMEM63B,TMEM63A,Others,12,5,1
TMEM9B,TMEM9,Others,8,3,5
TOM1L2,TOM1,Others,14,7,6
TOMM40L,TOMM40,Others,10,5,6
TOR1B,TOR1A,Others,17,12,17
TPST2,TPST1,Others,7,8,7
TRAPPC3L,TRAPPC3,Others,11,2,6
TRIM33,TRIM24,Others,5,13,10
TRIO,KALRN,Others,6,4,11
TRIP10,FNBP1L,Others,8,5,11
TST,MPST,Others,7,6,10
TTC30B,TTC30A,Others,8,3,3
TWF2,TWF1,Others,12,13,18
TYK2,JAK1,Others,9,12,28
UBALD2,UBALD1,Others,0,1,0
UBTD2,UBTD1,Others,0,2,0
UCK2,UCK1,Others,7,1,2
UGGT2,UGGT1,Others,8,8,7
UNC45B,UNC45A,Others,3,5,2
UQCRC1,PMPCB,Others,8,6,6
USP28,USP25,Others,11,14,21
USP33,USP20,Others,12,12,18
USP4,USP15,Others,13,12,16
USP46,USP12,Others,6,10,5
USP5,USP13,Others,8,17,19
UTP14C,UTP14A,Others,9,3,1
UTRN,DMD,Others,21,14,8
VANGL2,VANGL1,Others,3,2,2
VPS26B,VPS26A,Others,13,2,9
WDFY2,WDFY1,Others,6,3,4
WDR20,DMWD,Others,2,2,1
WDR62,MAPKBP1,Others,11,2,9
YIPF7,YIPF5,Others,4,1,0
ZDHHC18,ZDHHC14,Others,6,5,8
ZDHHC7,ZDHHC3,Others,8,6,22
ZNF302,ZNF181,Others,2,5,2
ZNF324B,ZNF324,Others,3,5,4
ZNF562,ZNF561,Others,1,4,2
ZNF587B,ZNF552,Others,1,6,3
ZNF773,ZNF419,Others,2,6,2
AGPAT4,AGPAT3,Others,12,8,2
AMMECR1L,AMMECR1,Others,5,1,1
ANXA2,ANXA1,Others,51,29,84
AP1G2,AP1G1,Others,20,9,11
AP3B2,AP3B1,Others,3,3,6
ATG4B,ATG4A,Others,1,5,5
BCAT2,BCAT1,Others,5,3,7
CERS3,CERS2,Others,6,8,8
CERS6,CERS5,Others,5,7,6
CNOT6L,CNOT6,Others,14,11,14
DENND5B,DENND5A,Others,4,3,1
DENND6B,DENND6A,Others,7,2,1
DGKH,DGKD,Others,11,11,18
DNASE1L2,DNASE1,Others,4,7,5
DYRK1B,DYRK1A,Others,10,11,18
FAM102B,FAM102A,Others,0,1,0
FAM168B,FAM168A,Others,1,1,2
FAR2,FAR1,Others,10,7,9
FBXL20,FBXL2,Others,6,4,11
FBXO32,FBXO25,Others,6,1,3
FKBP9,FKBP10,Others,1,1,0
FSCN2,FSCN1,Others,24,9,25
GADL1,CSAD,Others,1,0,2
GALNT13,GALNT1,Others,7,3,7
GATA3,GATA2,Others,9,26,69
GPD1L,GPD1,Others,7,4,13
GPSM2,GPSM1,Others,15,8,11
HEY2,HEY1,Others,8,17,32
HOXB7,HOXA7,Others,10,16,13
HS6ST3,HS6ST1,Others,2,4,4
IDI2,IDI1,Others,7,4,7
JAG2,JAG1,Others,5,8,18
KIF13B,KIF13A,Others,9,10,11
KLF7,KLF6,Others,11,14,10
KLHL3,KLHL2,Others,7,6,13
LANCL2,LANCL1,Others,8,10,2
LRIG3,LRIG2,Others,5,2,0
LRRN3,LRRN1,Others,4,1,0
MAN2A2,MAN2A1,Others,7,2,4
MPP7,MPP3,Others,5,6,5
MSX2,MSX1,Others,8,12,15
NECAP2,NECAP1,Others,3,1,3
NSG2,NSG1,Others,8,4,5
NT5M,NT5C,Others,7,6,8
PDE8B,PDE8A,Others,4,8,11
PHIP,BRWD3,Others,2,2,12
PHYKPL,ETNPPL,Others,3,3,3
PRKCQ,PRKCD,Others,16,16,55
PTGS2,PTGS1,Others,12,5,11
PTPN4,PTPN3,Others,11,9,8
RALYL,RALY,Others,5,7,1
RBM38,RBM24,Others,6,8,10
RFX3,RFX2,Others,4,13,4
RHOBTB2,RHOBTB1,Others,16,8,14
RIMKLB,RIMKLA,Others,4,5,2
RIT2,RIT1,Others,7,14,10
RNF144B,RNF144A,Others,13,8,10
SFMBT2,SFMBT1,Others,11,9,6
SH3BGRL2,SH3BGRL,Others,6,0,0
SHKBP1,KCTD3,Others,0,2,1
SIPA1L2,SIPA1L1,Others,6,3,4
SLC18A2,SLC18A1,Others,12,7,8
SLC25A13,SLC25A12,Others,5,14,20
SLC25A30,SLC25A14,Others,3,14,15
SLC35D2,SLC35D1,Others,5,9,4
STXBP2,STXBP1,Others,19,11,20
TBC1D8B,TBC1D8,Others,2,4,8
TBX18,TBX15,Others,4,10,10
TNFAIP8L2,TNFAIP8L1,Others,2,3,3
TSPAN9,TSPAN4,Others,8,4,2
TTC21B,TTC21A,Others,5,0,10
TUSC3,MAGT1,Others,10,4,14
WIPI2,WIPI1,Others,21,13,18
YBX3,YBX1,Others,17,13,17
ZNF396,ZNF24,Others,2,10,4
ZYG11B,ZYG11A,Others,3,1,2
ABCB7,ABCB6,Others,17,10,11
ABCF3,ABCF1,Others,4,7,3
ABHD12B,ABHD12,Others,6,9,9
ACAP3,ACAP2,Others,3,1,1
ACSF3,ACSF2,Others,4,10,7
ACTR1B,ACTG1,Others,23,7,18
ADAM17,ADAM10,Others,32,24,60
ADAMTSL3,ADAMTSL1,Others,4,3,2
AGAP3,AGAP1,Others,5,4,3
AGAP9,AGAP1,Others,2,2,0
AGFG2,AGFG1,Others,6,3,3
AHRR,AHR,Others,17,21,15
AK8,AK2,Others,6,10,6
AKT2,AKT1,Others,22,22,114
ANKRD12,ANKRD11,Others,6,0,4
ANXA7,ANXA11,Others,21,11,8
APC2,APC,Others,36,18,48
APPL2,APPL1,Others,23,15,22
ARHGEF12,ARHGEF11,Others,5,5,10
ASAH2B,ASAH2,Others,6,6,17
ASIC3,ASIC1,Others,7,8,12
ASXL3,ASXL1,Others,4,5,7
ATAD3B,ATAD3A,Others,7,3,6
ATF7IP2,ATF7IP,Others,6,1,7
ATG2B,ATG2A,Others,5,4,11
ATP7B,ATP7A,Others,22,13,17
ATXN2L,ATXN2,Others,16,9,9
AXIN2,AXIN1,Others,11,14,30
B3GALT6,B3GALNT2,Others,6,7,7
BACH2,BACH1,Others,8,11,9
BANF2,BANF1,Others,10,9,9
BAZ2B,BAZ2A,Others,3,4,1
BCR,ABR,Others,8,9,14
BET1L,BET1,Others,13,4,9
BRD9,BRD7,Others,10,12,10
BRMS1L,BRMS1,Others,5,5,9
BTG4,BTG3,Others,6,1,8
BTN3A3,BTN3A1,Others,7,3,9
CAMTA2,CAMTA1,Others,6,9,7
CAPRIN2,CAPRIN1,Others,10,4,5
CASKIN2,CASKIN1,Others,3,3,1
CBX5,CBX3,Others,21,11,10
CC2D1B,CC2D1A,Others,9,9,4
CCDC85C,CCDC85A,Others,3,1,1
CCNG2,CCNG1,Others,7,3,4
CDC14B,CDC14A,Others,20,10,17
CDC37L1,CDC37,Others,11,11,10
CDK5,CDK3,Others,8,8,33
CDK5R2,CDK5R1,Others,6,7,8
CDK8,CDK19,Others,11,6,4
CHKB,CHKA,Others,2,5,9
CHMP2B,CHMP2A,Others,22,6,51
CISD2,CISD1,Others,9,7,2
CLPTM1L,CLPTM1,Others,7,2,0
CLSTN3,CLSTN1,Others,4,5,5
CNGB3,CNGB1,Others,6,12,7
CNKSR2,CNKSR1,Others,5,4,4
COQ8B,COQ8A,Others,4,5,6
CORO1C,CORO1B,Others,17,11,36
COX4I2,COX4I1,Others,9,2,4
COX6B2,COX6B1,Others,7,1,2
CPEB4,CPEB2,Others,14,11,5
CPNE2,CPNE1,Others,12,10,21
CPS1,CAD,Others,13,10,17
CPSF7,CPSF6,Others,17,8,15
CREG2,CREG1,Others,6,1,3
CSNK1G2,CSNK1G1,Others,9,7,13
CTBP2,CTBP1,Others,5,14,14
CTCFL,CTCF,Others,10,19,21
CTDSP2,CTDSP1,Others,5,8,4
CUL9,CUL7,Others,13,2,19
CYB5B,CYB5A,Others,14,10,3
CYB5R3,CYB5R1,Others,16,5,7
CYTH2,CYTH1,Others,9,3,4
CYTH3,CYTH2,Others,11,4,3
DAB2,DAB1,Others,14,6,26
DACH2,DACH1,Others,4,8,7
DCST2,DCST1,Others,1,2,2
DCUN1D2,DCUN1D1,Others,10,10,10
DCUN1D5,DCUN1D4,Others,7,10,9
DDX47,DDX28,Others,11,4,7
DGUOK,DCK,Others,8,8,6
DISP2,DISP1,Others,2,2,1
DMRTB1,DMRTA2,Others,4,8,5
DNMT3B,DNMT3A,Others,9,14,12
DPF2,DPF1,Others,9,9,11
DUOXA2,DUOXA1,Others,8,2,9
E2F8,E2F7,Others,10,18,13
EFTUD2,EEF2,Others,30,11,7
EHBP1L1,EHBP1,Others,8,1,3
EHD4,EHD1,Others,25,7,20
EHMT2,EHMT1,Others,10,14,13
EN2,EN1,Others,8,10,9
ENO2,ENO1,Others,21,12,21
EPN2,EPN1,Others,12,7,9
EPS15L1,EPS15,Others,16,5,14
ERCC5,BIVM-ERCC5,Others,5,12,16
ESPNL,ESPN,Others,4,3,3
ETV7,ETV6,Others,7,13,10
EVX2,EVX1,Others,5,10,3
EXOSC6,EXOSC4,Others,18,3,24
FAM135B,FAM135A,Others,0,0,2
FAM151B,FAM151A,Others,1,2,1
FAT4,FAT1,Others,8,2,5
FGF2,FGF1,Others,13,22,117
FITM2,FITM1,Others,4,2,13
FMN2,FMN1,Others,10,3,8
FOXK2,FOXK1,Others,11,18,14
FOXN4,FOXN1,Others,3,9,6
FRMD6,FRMD1,Others,2,3,2
FSTL3,FST,Others,8,8,23
FUT11,FUT10,Others,4,4,3
FXR2,FXR1,Others,32,16,18
GABARAPL2,GABARAP,Others,16,9,17
GANC,GANAB,Others,6,10,4
GAS2L2,GAS2L1,Others,5,9,12
GDF10,BMP3,Others,4,4,8
GDF9,BMP15,Others,3,4,14
GGA2,GGA1,Others,14,5,10
GGA3,GGA1,Others,16,7,14
GIGYF2,GIGYF1,Others,10,5,5
GLCCI1,FAM117B,Others,1,1,0
GMPPB,GMPPA,Others,2,2,1
GNAS,GNAL,Others,8,14,13
GNG5,GNG10,Others,8,6,3
GNL3L,GNL3,Others,13,5,15
GOT2,GOT1,Others,13,5,14
GPT2,GPT,Others,3,1,4
GRK6,GRK4,Others,3,4,5
GRPEL2,GRPEL1,Others,6,7,2
GTF2H2C,GTF2H2,Others,10,4,24
H6PD,G6PD,Others,9,9,18
HADHB,ACAA1,Others,15,9,12
HCFC2,HCFC1,Others,19,10,18
HDAC5,HDAC4,Others,15,27,43
HDAC6,HDAC10,Others,20,27,45
HERC4,HERC3,Others,3,0,1
HHATL,HHAT,Others,4,6,2
HIC2,HIC1,Others,5,13,6
HINT2,HINT1,Others,11,6,5
HLX,DBX1,Others,2,5,3
HMOX2,HMOX1,Others,10,13,42
HNRNPH3,HNRNPF,Others,14,7,13
HUS1B,HUS1,Others,6,1,18
ILVBL,HACL1,Others,9,12,11
INF2,DIAPH1,Others,6,3,10
ING5,ING4,Others,12,8,28
INVS,ANKRD55,Others,1,2,2
IP6K2,IP6K1,Others,14,10,13
IRF2BPL,IRF2BP1,Others,6,8,7
ISY1-RAB43,ISY1,Others,8,2,6
ITGB1BP2,CHORDC1,Others,2,5,3
JOSD2,JOSD1,Others,3,5,5
KANSL1L,KANSL1,Others,7,3,3
KANSL2,INO80D,Others,9,1,7
KCNU1,KCNMA1,Others,7,8,15
KCP,BMPER,Others,3,0,9
KCTD2,KCTD17,Others,6,6,6
KIDINS220,ANKS6,Others,3,3,2
KIF15,KIF13B,Others,10,11,9
KIF3B,KIF3A,Others,21,14,22
KIF9,KIF6,Others,7,9,5
KIFC3,KIFC2,Others,8,5,5
KLC4,KLC1,Others,2,3,3
KLHDC3,KLHDC10,Others,6,4,2
KLHL20,KLHL17,Others,13,6,13
KSR2,KSR1,Others,11,7,7
KYAT3,KYAT1,Others,6,8,4
LARP4B,LARP4,Others,10,7,6
LCMT2,LCMT1,Others,3,8,11
LEMD3,LEMD2,Others,14,4,10
LETM2,LETM1,Others,3,3,8
LMAN1L,LMAN1,Others,17,4,14
LONP2,LONP1,Others,12,18,15
LPIN2,LPIN1,Others,9,5,17
LRRC58,LRR1,Others,1,1,1
LSG1,GNL1,Others,8,4,3
LTK,ALK,Others,11,11,26
MAFK,MAFG,Others,6,10,6
MAP1B,MAP1A,Others,14,8,11
MAP3K11,MAP3K10,Others,5,11,24
MAP3K9,MAP3K10,Others,2,8,15
MAPK12,MAPK11,Others,8,11,21
MAPK8IP2,MAPK8IP1,Others,5,8,5
MAPT,MAP2,Others,28,33,60
MARK4,MARK3,Others,19,13,20
MBD3,MBD2,Others,10,10,6
MCL1,BCL2L1,Others,14,12,35
MCM8,MCM4,Others,14,12,15
MCM9,MCM2,Others,13,16,17
MCTP2,MCTP1,Others,9,4,2
ME3,ME2,Others,7,9,11
MEOX2,MEOX1,Others,6,16,11
MEX3C,MEX3B,Others,3,6,0
MEX3D,MEX3B,Others,5,4,0
MFAP3L,MFAP3,Others,12,2,0
MFSD14B,MFSD14A,Others,0,1,0
MIB2,MIB1,Others,5,4,7
MICU3,MICU1,Others,12,7,16
MLF2,MLF1,Others,6,3,3
MLLT6,MLLT10,Others,6,11,4
MOB3A,MOB1B,Others,7,3,3
MOB4,HSPE1-MOB4,Others,1,1,0
MON1B,MON1A,Others,4,3,3
MOV10L1,MOV10,Others,9,9,14
MYL12B,MYL12A,Others,5,2,3
NAB2,NAB1,Others,2,7,3
NACC2,NACC1,Others,8,11,12
NCAM2,NCAM1,Others,12,2,4
NCOR2,NCOR1,Others,25,19,20
NDFIP2,NDFIP1,Others,13,5,18
NEBL,NEB,Others,9,10,7
NEURL1B,NEURL1,Others,6,3,6
NF2,EZR,Others,38,15,45
NFKB2,NFKB1,Others,21,21,42
NFXL1,NFX1,Others,9,10,8
NME2,NME1,Others,19,17,19
NME8,NME7,Others,10,2,1
NODAL,BMP3,Others,4,7,24
NOTCH2,NOTCH1,Others,27,3,63
NPC1L1,NPC1,Others,12,8,17
NPEPL1,LAP3,Others,7,1,0
NPNT,EGFL6,Others,3,2,0
NPTN,BSG,Others,14,5,13
NR1D2,NR1D1,Others,9,21,21
NRAP,NEB,Others,6,5,7
NUBPL,NUBP1,Others,7,7,9
NUDCD3,NUDC,Others,9,5,6
OBSL1,OBSCN,Others,17,11,14
OCEL1,MARVELD2,Others,7,1,4
ORMDL3,ORMDL1,Others,9,2,15
ORMDL3,ORMDL2,Others,8,2,15
OS9,ERLEC1,Others,6,5,13
OSBPL7,OSBPL3,Others,22,10,4
OXR1,NCOA7,Others,2,5,4
P3H4,CRTAP,Others,9,2,7
PABPC4,PABPC1L,Others,14,12,4
PACSIN3,PACSIN2,Others,20,10,13
PANK3,PANK1,Others,6,10,6
PANK3,PANK2,Others,10,9,9
PAQR4,PAQR3,Others,2,3,6
PARP1,BRCA1,Others,29,25,96
PARP2,PARP1,Others,18,19,47
PATL2,PATL1,Others,8,8,7
PBX3,PBX2,Others,3,10,15
PBX4,PBX2,Others,4,11,14
PCBD2,PCBD1,Others,5,5,2
PCNX3,PCNX1,Others,0,0,0
PDCD2L,PDCD2,Others,3,3,4
PDE3B,PDE3A,Others,7,11,23
PDZD2,IL16,Others,12,3,9
PDZK1,PDZD3,Others,9,9,9
PHLDB2,PHLDB1,Others,9,2,17
PIGK,LGMN,Others,13,11,21
PIK3AP1,BANK1,Others,2,7,6
PIP5K1C,PIP5K1A,Others,17,6,24
PITPNM2,PITPNM1,Others,7,18,6
PKN3,PKN1,Others,8,18,15
PKN3,PKN2,Others,15,12,15
PLA2G12B,PLA2G12A,Others,1,2,9
PLD2,PLD1,Others,14,2,17
PLEC,DSP,Others,29,15,19
PLEKHA7,PLEKHA5,Others,13,7,8
PLEKHF2,PLEKHF1,Others,5,7,4
PLEKHG6,PLEKHG5,Others,6,1,6
PLG,LPA,Others,12,19,17
PLPP7,PLPP6,Others,4,5,3
PLXDC2,PLXDC1,Others,1,2,0
POLE4,NFYC,Others,14,9,8
POLR3A,POLR2A,Others,11,9,19
POLR3B,POLR2B,Others,11,4,17
POMGNT1,MGAT1,Others,10,12,8
POMT2,POMT1,Others,9,4,9
POU6F2,POU6F1,Others,2,13,10
PPAN-P2RY11,PPAN,Others,2,2,1
PPARD,PPARA,Others,7,33,57
PPIL4,CWC27,Others,7,2,4
PPM1F,PPM1E,Others,8,9,31
PPP2CB,PPP1CC,Others,14,9,5
PPP3CC,PPP3CB,Others,10,14,17
PPP4R3B,PPP4R3A,Others,6,0,0
PPWD1,PPIL2,Others,10,7,9
PRDX3,PRDX1,Others,15,15,29
PRKACB,PRKACA,Others,23,16,42
PRKAG2,PRKAG1,Others,13,19,33
PROX2,PROX1,Others,8,15,28
PRR3,PPP1R10,Others,4,4,4
PSMD11,COPS2,Others,15,4,37
PSMD7,COPS6,Others,16,3,30
PTCH2,PTCH1,Others,10,15,17
PTDSS2,PTDSS1,Others,3,7,4
PTF1A,FERD3L,Others,2,9,7
PTPRN2,PTPRN,Others,5,5,7
PYGO2,PYGO1,Others,3,3,6
RAB11FIP4,RAB11FIP3,Others,26,7,9
RAB40C,RAB40B,Others,8,1,3
RABGGTB,PGGT1B,Others,5,5,8
RAD21L1,RAD21,Others,15,3,12
RAD9B,RAD9A,Others,7,9,15
RAE1,BUB3,Others,14,6,18
RAPH1,APBB1IP,Others,10,2,0
RARG,RARA,Others,16,25,38
RBL2,RBL1,Others,12,9,11
RBM14-RBM4,RBM14,Others,7,5,7
RBM4B,RBM4,Others,12,14,13
RBMS2,RBMS1,Others,7,11,2
RBMXL3,RBMXL2,Others,2,4,2
RERE,ATN1,Others,7,8,3
RFX2,RFX1,Others,4,11,3
RFX7,RFX5,Others,3,13,3
RFXANK,ANKRA2,Others,10,8,5
RGS14,RGS12,Others,7,8,6
RHOG,RHOC,Others,23,9,35
RIOK3,RIOK1,Others,11,6,15
RNF103-CHMP3,CHMP3,Others,9,3,21
RNF145,RNF139,Others,8,10,11
RNF19B,RNF19A,Others,10,9,10
RNF24,RNF122,Others,5,5,4
RNF5,RNF185,Others,4,16,18
RPA4,RPA2,Others,21,11,39
RPGR,RCC1,Others,13,13,11
RPL17-C18orf32,RPL17,Others,4,3,5
RPL7L1,RPL7,Others,12,12,8
RRP1B,RRP1,Others,13,5,7
RTCA,RCL1,Others,4,4,3
RUFY4,FYCO1,Others,11,4,9
RUSC2,RUSC1,Others,5,3,2
SAMD12,SAMD10,Others,1,2,1
SAMD7,SAMD11,Others,2,6,2
SBNO2,SBNO1,Others,4,5,13
SCAF8,SCAF4,Others,6,9,5
SCAMP3,SCAMP2,Others,12,2,5
SCRIB,LRRC7,Others,28,3,29
SCRN3,SCRN2,Others,1,2,1
SCYL3,SCYL1,Others,9,2,1
SDC3,SDC1,Others,12,5,14
SEC31B,SEC31A,Others,18,4,12
SERINC3,SERINC1,Others,3,2,4
SESN2,SESN1,Others,14,10,28
SETDB2,SETDB1,Others,11,9,13
SF3B3,DDB1,Others,23,10,36
SH3KBP1,CD2AP,Others,12,6,12
SHCBP1L,SHCBP1,Others,1,2,3
SIN3B,SIN3A,Others,11,8,16
SIPA1L3,SIPA1L1,Others,14,4,7
SIRT7,SIRT6,Others,13,18,32
SIX5,SIX4,Others,6,8,3
SKIL,SKI,Others,13,18,23
SKOR2,SKOR1,Others,8,10,6
SLC12A6,SLC12A4,Others,5,6,17
SLC25A25,SLC25A23,Others,2,4,4
SLC25A25,SLC25A24,Others,2,4,5
SLC30A10,SLC30A1,Others,13,7,17
SLC31A2,SLC31A1,Others,5,4,4
SLC35B2,SLC35B1,Others,8,8,4
SLC35B3,SLC35B1,Others,6,6,2
SLC35F4,SLC35F3,Others,0,0,2
SLC36A4,SLC36A1,Others,4,17,17
SLC4A1AP,PPP1R8,Others,7,7,2
SLC4A3,SLC4A2,Others,11,7,13
SMAD2,SMAD1,Others,21,34,45
SMARCD2,SMARCD1,Others,11,6,13
SMC1B,SMC1A,Others,23,6,9
SNAP91,PICALM,Others,23,18,34
SNRK,MELK,Others,7,10,10
SNRNP200,ASCC3,Others,18,12,10
SNRNP70,SNRNP35,Others,12,9,11
SNRPF,LSM6,Others,32,7,17
SNTB2,SNTA1,Others,18,7,6
SNX6,SNX5,Others,15,10,13
SOAT2,SOAT1,Others,10,21,26
SOGA1,MTCL1,Others,11,4,3
SORBS2,SORBS1,Others,8,10,4
SPARCL1,SPARC,Others,16,11,11
SPECC1L,SPECC1,Others,9,1,3
SPG7,AFG3L2,Others,7,8,19
SPHK2,SPHK1,Others,20,20,50
SPIRE2,SPIRE1,Others,7,1,25
SPRYD3,RANBP9,Others,10,2,8
SREBF2,SREBF1,Others,20,18,27
SRSF11,SREK1,Others,7,6,6
SRSF5,SRSF4,Others,9,8,16
STAT3,STAT1,Others,22,37,97
STAU2,STAU1,Others,11,5,2
STIM2,STIM1,Others,15,15,20
STK17B,STK17A,Others,6,6,12
STK35,PDIK1L,Others,5,6,2
STK38L,STK38,Others,5,12,10
STON1-GTF2A1L,STON1,Others,4,1,4
STRAP,EIF3I,Others,10,8,13
STT3B,STT3A,Others,9,6,15
SUSD2,MUC4,Others,10,2,6
SYNGR3,SYNGR2,Others,5,2,1
SYNJ2,SYNJ1,Others,7,11,18
SYS1-DBNDD2,SYS1,Others,3,1,3
SYT13,SYT12,Others,8,11,11
TADA2B,TADA2A,Others,7,7,9
TAF4B,TAF4,Others,14,11,10
TAGAP,ARHGAP20,Others,2,3,2
TARDBP,DAZAP1,Others,7,15,13
TATDN2,TATDN1,Others,2,2,1
TBC1D17,TBC1D15,Others,2,4,5
TBC1D4,TBC1D1,Others,2,4,7
TCF3,TCF12,Others,20,33,14
TDRD6,TDRD15,Others,0,0,0
TECRL,TECR,Others,5,4,7
TEP1,RRP9,Others,9,10,5
TESK2,TESK1,Others,9,6,9
TFB1M,DIMT1,Others,8,9,8
TGFBI,POSTN,Others,14,9,9
THSD7A,SPON1,Others,6,3,2
TINAGL1,TINAG,Others,7,4,2
TJP2,TJP1,Others,26,10,36
TM2D3,TM2D1,Others,1,3,2
TMED7-TICAM2,TICAM2,Others,8,1,17
TMEM14C,TMEM14A,Others,6,2,5
TMEM14C,TMEM14B,Others,4,3,5
TMEM170B,TMEM170A,Others,3,2,4
TMEM87B,TMEM87A,Others,6,0,6
TNK2,TNK1,Others,12,16,13
TNPO3,IPO13,Others,5,5,4
TOP3B,TOP3A,Others,4,8,8
TP53I3,RTN4IP1,Others,3,8,2
TP53INP2,TP53INP1,Others,11,2,12
TPM4,TPM3,Others,16,6,9
TRIM5,TRIM34,Others,12,16,35
TRIOBP,MPRIP,Others,7,6,4
TRIP12,HECTD1,Others,5,5,13
TSPAN17,TSPAN14,Others,7,3,8
TSPYL4,TSPYL1,Others,6,6,1
TTBK2,TTBK1,Others,16,12,26
TTLL4,TTLL11,Others,4,4,6
TUBGCP3,TUBGCP2,Others,21,7,14
TUFM,EEFSEC,Others,6,5,5
TXNL4B,TXNL4A,Others,16,2,4
UBA5,MOCS3,Others,9,14,16
UBE2R2,CDC34,Others,5,8,14
UBE2U,UBE2C,Others,8,7,20
UBN2,UBN1,Others,7,1,1
UBP1,TFCP2,Others,12,16,8
UBR2,UBR1,Others,5,6,11
UCKL1,UCK2,Others,6,3,2
UHMK1,U2AF2,Others,17,12,19
UNKL,UNK,Others,3,4,4
UQCRC2,PMPCA,Others,12,2,7
USH1G,ANKS4B,Others,2,4,7
USH2A,MEGF9,Others,5,2,13
USP45,USP16,Others,7,10,13
USP54,USP53,Others,2,2,3
USP6NL,USP6,Others,9,8,12
UST,HS2ST1,Others,3,5,5
VAMP2,VAMP1,Others,24,9,12
VCP,SPATA5L1,Others,29,16,52
VDAC3,VDAC2,Others,14,9,4
VPS39,TGFBRAP1,Others,11,4,14
WASF2,WASF1,Others,15,11,15
WASL,WAS,Others,17,9,30
WDR37,WDR12,Others,10,1,7
WDR72,WDR7,Others,1,0,0
WDTC1,DCAF6,Others,11,4,5
WEE2,WEE1,Others,7,6,5
WIF1,VWDE,Others,4,3,2
WSB2,WSB1,Others,2,1,4
XDH,AOX1,Others,6,18,15
YAP1,WWTR1,Others,17,12,45
YY1AP1,GON4L,Others,9,3,6
ZBTB25,ZBTB2,Others,3,11,3
ZBTB44,BACH1,Others,5,7,7
ZBTB46,ZBTB10,Others,4,4,2
ZDHHC17,ZDHHC13,Others,9,7,7
ZDHHC8,ZDHHC5,Others,7,7,10
ZEB2,ZEB1,Others,11,13,13
ZFAND2B,ZFAND2A,Others,1,3,3
ZFR2,ZFR,Others,0,6,0
ZKSCAN4,ZKSCAN3,Others,4,13,8
ZKSCAN8,ZKSCAN1,Others,0,6,2
ZNF169,ZNF133,Others,0,9,5
ZNF268,ZNF26,Others,6,5,12
ZNF280D,POGZ,Others,5,3,5
ZNF286B,ZNF286A,Others,2,5,2
ZNF354B,ZNF354A,Others,7,4,3
ZNF488,PRDM8,Others,3,2,4
ZNF513,ZNF142,Others,4,7,5
ZNF558,ZNF557,Others,1,7,5
ZNF581,ZNF524,Others,0,7,2
ZNF581,ZNF580,Others,4,8,8
ZNF611,ZNF600,Others,2,5,2
ZNF620,ZNF619,Others,0,7,4
ZNF627,ZNF136,Others,2,6,3
ZNF683,PRDM1,Others,5,10,5
ZNF764,ZNF747,Others,0,5,2
ZNF77,ZNF555,Others,0,9,5
ZNF785,ZNF764,Others,0,8,4
ZNRF2,ZNRF1,Others,12,3,2
ZSCAN29,ZKSCAN2,Others,1,6,3
ZSCAN30,ZSCAN21,Others,0,8,4
ZSWIM6,ZSWIM4,Others,2,0,2
AADACL2,AADAC,Others,3,10,2
AADACL4,AADACL3,Others,0,2,0
ABCC3,ABCC1,Others,14,21,17
ABCC9,ABCC8,Others,6,8,10
ABCD2,ABCD1,Others,16,21,28
ABCG4,ABCG1,Others,10,17,22
ABI2,ABI1,Others,14,15,11
ACSL5,ACSL1,Others,17,8,19
ACTG2,ACTA2,Others,12,0,6
ACTL6B,ACTL6A,Others,16,5,19
ACTL7B,ACTL7A,Others,10,4,0
ACTN4,ACTN2,Others,26,27,30
ACTRT2,ACTRT1,Others,3,2,3
ACVRL1,ACVR1,Others,12,28,73
ADAMTS18,ADAMTS16,Others,2,2,4
ADAMTS6,ADAMTS10,Others,4,5,3
ADARB2,ADARB1,Others,9,13,13
ADD3,ADD2,Others,12,8,11
ADNP2,ADNP,Others,6,5,2
AFAP1L2,AFAP1,Others,9,7,12
AFF4,AFF3,Others,10,1,6
AGBL3,AGBL2,Others,2,1,2
AGO2,AGO1,Others,28,26,41
AGO3,AGO2,Others,26,25,39
AGO4,AGO1,Others,17,12,27
AGR3,AGR2,Others,6,8,10
AIF1L,AIF1,Others,14,8,24
AIPL1,AIP,Others,9,8,5
AK5,AK1,Others,10,4,13
AKR7A3,AKR7A2,Others,6,7,7
ALDH1A3,ALDH1A2,Others,5,6,9
ALDH1L2,ALDH1L1,Others,7,6,2
ALG1L2,ALG1L,Others,2,2,2
ALG8,ALG6,Others,5,7,8
ALOX15,ALOX12,Others,16,17,39
AMELY,AMELX,Others,3,4,7
AMPD3,AMPD1,Others,7,5,8
ANGEL2,ANGEL1,Others,7,6,3
ANGPT2,ANGPT1,Others,12,7,33
ANGPTL2,ANGPTL1,Others,8,3,4
ANKRD13B,ANKRD13A,Others,12,4,3
ANKRD18B,ANKRD18A,Others,0,0,0
ANO2,ANO1,Others,10,12,12
ANO4,ANO3,Others,5,4,7
ANO6,ANO3,Others,12,8,25
ANTXR2,ANTXR1,Others,13,7,4
AOC3,AOC2,Others,15,13,11
AP1M2,AP1M1,Others,21,4,11
APBB3,APBB2,Others,8,7,3
APP,APLP2,Others,30,8,64
AQP12B,AQP12A,Others,2,2,0
ARFGAP3,ARFGAP2,Others,8,4,7
ARHGAP25,ARHGAP24,Others,5,3,13
ARHGAP26,ARHGAP10,Others,4,5,4
ARHGDIB,ARHGDIA,Others,13,7,16
ARNT2,ARNT,Others,14,21,18
ARRB1,ARR3,Others,17,12,26
ASAP3,ASAP2,Others,8,5,4
ASB15,ASB14,Others,2,1,2
ASIC2,ASIC1,Others,7,6,14
ATF6B,ATF6,Others,20,21,20
ATP11B,ATP11A,Others,23,7,6
ATP11C,ATP11B,Others,18,7,6
ATP13A5,ATP13A4,Others,2,0,4
ATP2C2,ATP2C1,Others,12,11,18
ATP6V0D2,ATP6V0D1,Others,21,4,15
ATP8A2,ATP8A1,Others,16,6,7
ATP8B2,ATP8B1,Others,18,6,12
ATP8B4,ATP8B1,Others,19,5,12
ATP9B,ATP9A,Others,12,3,6
ATRNL1,ATRN,Others,6,0,8
ATXN3L,ATXN3,Others,12,8,17
ATXN7L2,ATXN7,Others,5,1,6
B3GAT3,B3GAT1,Others,9,7,16
B4GALNT2,B4GALNT1,Others,3,7,10
B4GALT6,B4GALT5,Others,4,8,8
BARHL2,BARHL1,Others,4,9,2
BCL6B,BCL6,Others,8,11,24
BCL7B,BCL7A,Others,2,3,1
BECN2,BECN1,Others,11,6,25
BEST4,BEST2,Others,0,3,2
BEX2,BEX1,Others,5,5,7
BHLHE41,BHLHE40,Others,6,21,15
BHMT2,BHMT,Others,6,6,8
BIRC3,BIRC2,Others,12,21,56
BMP4,BMP2,Others,10,15,162
BNIPL,BNIP2,Others,8,7,10
BOD1L2,BOD1,Others,12,7,7
BRSK2,BRSK1,Others,15,13,26
BRWD3,BRWD1,Others,6,1,12
BTBD6,BTBD3,Others,3,2,5
BTF3L4,BTF3,Others,4,3,1
BTG2,BTG1,Others,11,3,16
BTNL8,BTNL3,Others,4,5,5
C1GALT1C1L,C1GALT1C1,Others,2,3,4
C1QTNF9B,C1QTNF9,Others,0,3,0
C2CD4B,C2CD4A,Others,1,0,6
CA11,CA10,Others,2,3,2
CA13,CA1,Others,6,9,5
CABP5,CABP2,Others,3,2,1
CACNA2D2,CACNA2D1,Others,8,6,11
CACNA2D4,CACNA2D3,Others,5,3,4
CACNG7,CACNG5,Others,8,7,16
CALB2,CALB1,Others,20,6,9
CALCRL,CALCR,Others,16,18,31
CALN1,CABP7,Others,2,2,0
CAMK2N2,CAMK2N1,Others,3,6,9
CAPN3,CAPN1,Others,14,14,26
CAPNS2,CAPNS1,Others,7,4,4
CASP5,CASP4,Others,12,8,12
CASQ2,CASQ1,Others,13,8,23
CAV3,CAV1,Others,33,28,78
CBR3,CBR1,Others,7,9,6
CCDC74B,CCDC74A,Others,0,1,0
CCDC85C,CCDC85B,Others,6,2,3
CCNJL,CCNJ,Others,8,3,4
CD200R1L,CD200R1,Others,6,6,3
CDC42EP3,CDC42EP2,Others,15,5,14
CDH4,CDH2,Others,24,9,17
CDK15,CDK14,Others,10,9,6
CDK2AP2,CDK2AP1,Others,4,3,2
CDKL4,CDKL1,Others,5,2,2
CDKN2B,CDKN2A,Others,7,8,31
CDRT15L2,CDRT15,Others,0,0,0
CDYL2,CDYL,Others,4,8,2
CEACAM4,CEACAM3,Others,4,1,3
CELF2,CELF1,Others,15,15,15
CELSR2,CELSR1,Others,3,0,3
CEP170B,CEP170,Others,5,1,0
CERS4,CERS2,Others,6,8,6
CETN2,CETN1,Others,15,4,16
CHAC2,CHAC1,Others,6,4,8
CHD7,CHD6,Others,5,4,16
CHD8,CHD6,Others,6,10,10
CHD8,CHD7,Others,9,10,24
CHD9,CHD8,Others,8,8,10
CHI3L2,CHI3L1,Others,8,5,12
CHIC2,CHIC1,Others,4,2,1
CHP2,CHP1,Others,8,6,17
CHPF2,CHPF,Others,3,6,5
CHRM4,CHRM2,Others,12,9,18
CHRNA7,CHRFAM7A,Others,12,16,28
CHRNA9,CHRNA10,Others,10,7,14
CHRNB3,CHRNA5,Others,9,8,16
CHRNB4,CHRNB2,Others,14,14,24
CHST3,CHST2,Others,8,7,12
CHST7,CHST2,Others,9,7,14
CIB3,CIB1,Others,19,9,20
CIB3,CIB2,Others,3,7,2
CKM,CKB,Others,6,7,5
CLCA4,CLCA1,Others,4,4,2
CLCNKB,CLCNKA,Others,4,3,6
CLDN4,CLDN15,Others,9,2,9
CLDN7,CLDN10,Others,6,2,5
CLDN8,CLDN17,Others,8,2,4
CLEC4M,CD209,Others,7,9,16
CLEC6A,CLEC4C,Others,5,4,3
CLGN,CANX,Others,10,4,12
CLIP4,CLIP3,Others,15,7,9
CLVS2,CLVS1,Others,10,6,2
CNN3,CNN1,Others,6,2,3
CNNM2,CNNM1,Others,6,4,4
COL4A6,COL4A2,Others,15,9,8
CORO2B,CORO2A,Others,2,6,6
CORO6,CORO1C,Others,6,5,22
COX6A2,COX6A1,Others,4,5,5
COX7B2,COX7B,Others,3,1,2
CPEB4,CPEB3,Others,20,15,8
CPLX2,CPLX1,Others,7,6,11
CPLX4,CPLX3,Others,4,3,4
CRABP2,CRABP1,Others,8,5,5
CRISP3,CRISP2,Others,8,1,1
CRP,APCS,Others,11,17,32
CRYBB3,CRYBB2,Others,0,5,4
CSDC2,CARHSP1,Others,2,5,3
CSGALNACT2,CSGALNACT1,Others,3,11,13
CSNK1A1L,CSNK1A1,Others,14,8,18
CSRNP2,CSRNP1,Others,5,10,3
CSRNP3,CSRNP1,Others,4,8,3
CSTB,CSTA,Others,21,10,9
CTDSPL,CTDSP2,Others,2,8,3
CTXN3,CTXN2,Others,0,1,0
CXCL6,CXCL5,Others,4,8,23
CXCR2,CXCR1,Others,14,14,29
CYP11B2,CYP11B1,Others,8,12,36
CYP26C1,CYP26B1,Others,3,11,10
CYP4Z1,CYP4X1,Others,0,1,0
CYTH4,CYTH3,Others,12,5,1
DAAM2,DAAM1,Others,9,2,4
DDR2,DDR1,Others,12,14,30
DDTL,DDT,Others,3,3,4
DDX3Y,DDX3X,Others,22,26,53
DDX50,DDX21,Others,10,13,4
DDX53,DDX43,Others,4,5,0
DDX60L,DDX60,Others,3,4,3
DEFB131B,DEFB131A,Others,3,1,0
DENND1C,DENND1B,Others,12,5,8
DENND4B,DENND4A,Others,6,3,3
DERL3,DERL2,Others,9,10,16
DHFR2,DHFR,Others,7,14,15
DIP2B,DIP2A,Others,7,2,2
DIP2C,DIP2B,Others,5,2,2
DIRAS2,DIRAS1,Others,4,11,0
DLG2,DLG1,Others,33,15,40
DLG3,DLG1,Others,31,15,39
DLG4,DLG2,Others,19,6,25
DLG4,DLG3,Others,17,6,24
DLX6,DLX1,Others,3,10,15
DNAH7,DNAH3,Others,6,7,5
DNAJB4,DNAJB1,Others,12,17,11
DNAJC18,DNAJB12,Others,6,3,10
DNAJC5B,DNAJC5,Others,10,2,4
DNASE2B,DNASE2,Others,1,3,3
DNM3,DNM1,Others,24,8,19
DOC2B,DOC2A,Others,3,1,3
DOCK4,DOCK3,Others,7,6,4
DOCK9,DOCK11,Others,3,3,3
DOK3,DOK1,Others,6,2,5
DPY19L2,DPY19L1,Others,4,2,4
DQX1,DHX32,Others,4,3,0
DRD5,DRD1,Others,14,13,27
DSCAML1,DSCAM,Others,9,5,13
DTNB,DTNA,Others,8,2,6
DTX2,DTX1,Others,9,7,9
DTX4,DTX1,Others,8,7,10
DTX4,DTX2,Others,5,4,5
DUSP2,DUSP1,Others,8,12,17
DUSP21,DUSP18,Others,5,6,4
E2F2,E2F1,Others,14,25,26
E2F5,E2F4,Others,13,19,6
EDDM3B,EDDM3A,Others,1,3,1
EFHC2,EFHC1,Others,9,5,11
EFHD2,EFHD1,Others,2,5,1
EFNB2,EFNB1,Others,10,5,18
EGLN2,EGLN1,Others,9,17,16
EGR2,EGR1,Others,10,27,15
EGR3,EGR1,Others,7,21,20
EIF4E1B,EIF4E,Others,13,13,6
ELAVL2,ELAVL1,Others,8,13,12
ELF4,ELF2,Others,11,11,9
ELMO2,ELMO1,Others,10,5,14
ELMO3,ELMO2,Others,3,3,7
ELMOD2,ELMOD1,Others,1,4,1
ELOVL5,ELOVL2,Others,9,7,22
ELOVL7,ELOVL1,Others,7,6,21
EML2,EML1,Others,6,8,7
EML4,EML1,Others,9,9,5
EML6,EML5,Others,1,3,1
EMX2,EMX1,Others,7,10,8
ENO3,ENO2,Others,14,3,8
ENTPD4,ENTPD1,Others,11,13,10
EPB41L5,EPB41L4B,Others,10,2,7
EPS8L2,EPS8,Others,12,7,9
ESRRG,ESRRA,Others,10,13,7
ESRRG,ESRRB,Others,6,10,7
ETS2,ETS1,Others,12,17,23
ETV5,ETV1,Others,6,16,9
EXOC3L2,EXOC3L1,Others,3,6,5
EYA3,EYA1,Others,11,6,22
EYA4,EYA3,Others,6,5,18
FAM118B,FAM118A,Others,0,4,0
FAM120C,FAM120A,Others,4,2,0
FAM133B,FAM133A,Others,0,2,0
FAM13C,FAM13A,Others,1,1,1
FAM209B,FAM209A,Others,3,2,1
FAM24B,FAM24A,Others,0,1,0
FAM3D,FAM3A,Others,3,1,4
FAM47B,FAM47A,Others,0,1,0
FAM78B,FAM78A,Others,0,1,0
FAM9C,FAM9B,Others,3,2,4
FAP,DPP4,Others,18,24,20
FARP2,FARP1,Others,2,4,3
FAT2,FAT1,Others,10,1,8
FAT3,FAT1,Others,7,1,5
FBLN2,FBLN1,Others,13,12,8
FBP2,FBP1,Others,12,11,24
FBXO27,FBXO17,Others,8,6,10
FBXW10,CDRT1,Others,2,1,3
FBXW11,BTRC,Others,13,8,51
FCGR1B,FCGR1A,Others,9,3,16
FCGR3B,FCGR3A,Others,9,2,9
FCN2,FCN1,Others,12,15,18
FEM1C,FEM1A,Others,6,3,6
FES,FER,Others,18,17,45
FGF14,FGF13,Others,7,6,8
FGF4,FGF2,Others,8,14,93
FHL2,FHL1,Others,9,9,13
FLNC,FLNB,Others,14,7,2
FLVCR2,FLVCR1,Others,3,10,9
FOSL1,FOS,Others,11,19,23
FOXP2,FOXP1,Others,7,20,34
FOXR2,FOXR1,Others,5,7,0
FRAT2,FRAT1,Others,8,2,5
FRMD5,FRMD3,Others,3,4,5
FSD1L,FSD1,Others,3,3,5
FSTL5,FSTL4,Others,0,1,4
FUCA2,FUCA1,Others,12,7,14
FUT2,FUT1,Others,5,7,12
FXR1,FMR1,Others,47,35,34
FZD6,FZD3,Others,9,11,12
GABBR2,GABBR1,Others,9,8,9
GABRG3,GABRG2,Others,14,15,19
GAD2,GAD1,Others,4,3,7
GALNT6,GALNT3,Others,10,5,6
GALNTL6,GALNT10,Others,3,2,4
GALR3,GALR2,Others,8,11,21
GAPDHS,GAPDH,Others,18,8,17
GAS2L3,GAS2,Others,7,9,6
GGA3,GGA2,Others,12,6,10
GLB1L3,GLB1L2,Others,2,3,0
GLS2,GLS,Others,4,5,16
GLUD2,GLUD1,Others,7,15,10
GMFG,GMFB,Others,3,6,8
GMPR2,GMPR,Others,2,2,4
GNAI3,GNAI1,Others,20,12,17
GNAI3,GNAI2,Others,22,10,22
GOLGA7B,GOLGA7,Others,10,5,10
GOLGB1,EEA1,Others,13,7,7
GOLGB1,GOLGA4,Others,14,5,8
GPAT4,GPAT3,Others,7,4,6
GPBP1L1,GPBP1,Others,5,2,2
GPC6,GPC4,Others,14,2,18
GPR52,GPR21,Others,1,3,4
GPR85,GPR27,Others,5,4,3
GPRC5C,GPRC5B,Others,19,4,0
GPX2,GPX1,Others,9,8,23
GRAMD1C,GRAMD1A,Others,5,2,0
GREB1L,GREB1,Others,2,0,5
GREM2,GREM1,Others,4,7,25
GRHL2,GRHL1,Others,11,20,19
GRID2,GRID1,Others,6,9,8
GRIK5,GRIK4,Others,11,10,6
GRIN2B,GRIN2A,Others,17,17,21
GRM3,GRM2,Others,4,9,9
GRM5,GRM1,Others,10,15,22
GSPT2,GSPT1,Others,4,10,9
GSTO2,GSTO1,Others,7,10,16
HACD2,HACD1,Others,5,6,11
HAND2,HAND1,Others,6,18,27
HCN3,HCN2,Others,7,9,13
HCRTR2,HCRTR1,Others,6,8,12
HDAC9,HDAC5,Others,13,21,32
HDGFL1,HDGF,Others,8,7,4
HECW2,HECW1,Others,5,5,14
HELZ2,HELZ,Others,6,8,4
HEPH,CP,Others,11,9,9
HEPHL1,HEPH,Others,4,8,7
HERPUD2,HERPUD1,Others,6,5,16
HIF3A,EPAS1,Others,12,15,15
HIF3A,HIF1A,Others,19,26,57
HIGD1C,HIGD1A,Others,6,1,5
HKDC1,HK1,Others,8,11,12
HMGN4,HMGN2,Others,5,5,4
HNF4G,HNF4A,Others,11,17,25
HOOK3,HOOK1,Others,10,12,14
HOXB5,HOXA5,Others,8,14,11
HOXB6,HOXA6,Others,6,10,4
HOXC9,HOXB9,Others,7,10,9
HPR,HP,Others,17,4,14
HSD17B13,HSD17B11,Others,7,9,4
HSD3B2,HSD3B1,Others,15,8,18
HSF4,HSF1,Others,21,26,24
HSPA12B,HSPA12A,Others,1,3,1
HSPA4L,HSPA4,Others,8,1,2
HTN3,HTN1,Others,2,2,2
HTR1D,HTR1B,Others,9,9,15
HTR1F,HTR1E,Others,8,14,10
HTRA3,HTRA2,Others,11,12,25
HTRA4,HTRA2,Others,11,11,25
HYAL4,HYAL1,Others,9,4,29
IFFO2,IFFO1,Others,3,1,3
IFIT3,IFIT2,Others,9,7,12
IGF2BP2,IGF2BP1,Others,18,14,14
IGF2BP3,IGF2BP2,Others,14,12,13
IGFL3,IGFL2,Others,4,4,2
IKZF3,IKZF1,Others,10,12,7
IL1RAPL2,IL1RAPL1,Others,7,2,12
IL36G,IL36A,Others,4,2,13
IL6ST,CSF3R,Others,13,20,28
INSIG2,INSIG1,Others,10,4,20
INSR,IGF1R,Others,28,37,66
INTS6L,INTS6,Others,7,2,4
IQGAP3,IQGAP2,Others,12,16,7
IRF9,IRF8,Others,12,14,14
ISL2,ISL1,Others,5,14,13
ITGA5,ITGA2B,Others,18,5,19
ITGB5,ITGB3,Others,42,22,56
ITGB6,ITGB1,Others,40,21,44
ITIH3,ITIH1,Others,6,2,1
ITK,BTK,Others,10,12,27
ITLN2,ITLN1,Others,5,5,4
ITM2C,ITM2B,Others,18,6,7
ITPR2,ITPR1,Others,23,15,13
ITPR3,ITPR1,Others,22,15,12
ITPR3,ITPR2,Others,25,14,11
JAK3,JAK2,Others,11,18,55
JAM2,F11R,Others,15,7,38
KCNAB2,KCNAB1,Others,17,11,9
KCNAB3,KCNAB2,Others,11,9,6
KCNB2,KCNB1,Others,14,7,8
KCNC4,KCNC1,Others,13,7,6
KCNH5,KCNH1,Others,10,5,11
KCNIP3,KCNIP2,Others,5,11,15
KCNJ15,KCNJ10,Others,6,5,6
KCNJ8,KCNJ11,Others,8,13,18
KCNK13,KCNK12,Others,3,2,4
KCNK9,KCNK3,Others,6,7,9
KCNS3,KCNS2,Others,9,5,5
KCTD15,KCTD1,Others,8,8,3
KCTD20,BTBD10,Others,4,1,2
KDM5D,KDM5C,Others,8,11,6
KHDRBS3,KHDRBS2,Others,7,9,4
KHSRP,FUBP1,Others,10,8,14
KHSRP,FUBP3,Others,11,8,17
KIAA0319L,KIAA0319,Others,12,2,9
KIF1B,KIF1A,Others,9,13,7
KIF21B,KIF21A,Others,6,7,2
KIF2B,KIF2A,Others,24,9,17
KIF3C,KIF3B,Others,15,11,16
KIF4B,KIF4A,Others,8,1,14
KIF5B,KIF5A,Others,10,15,19
KLHDC8B,KLHDC8A,Others,5,1,3
KLHL25,ENC1,Others,10,1,10
KLHL36,KLHL26,Others,1,3,1
KLHL5,KLHL4,Others,3,3,3
KLHL9,KLHL13,Others,7,6,6
KPNA6,KPNA5,Others,8,6,5
KPNA7,KPNA2,Others,15,9,11
KREMEN2,KREMEN1,Others,3,1,2
LAMB2,LAMB1,Others,24,9,24
LAMP2,LAMP1,Others,35,4,19
LARGE2,LARGE1,Others,6,15,10
LCE3E,LCE3D,Others,1,2,1
LCP2,BLNK,Others,11,7,14
LDHB,LDHA,Others,10,7,2
LDHD,D2HGDH,Others,4,5,3
LEFTY2,LEFTY1,Others,5,2,9
LGALS8,LGALS12,Others,6,9,7
LGI2,LGI1,Others,2,2,4
LGR6,LGR5,Others,8,6,9
LHFPL6,LHFPL1,Others,2,1,0
LHX4,LHX3,Others,4,14,8
LHX5,LHX1,Others,4,10,6
LHX8,LHX6,Others,5,10,6
LHX9,LHX2,Others,4,9,4
LINGO2,LINGO1,Others,5,2,1
LLGL2,LLGL1,Others,12,9,14
LMO3,LMO1,Others,2,2,6
LMX1B,LMX1A,Others,5,11,8
LPCAT2,LPCAT1,Others,10,4,8
LPL,LIPG,Others,10,23,34
LRCH2,LRCH1,Others,2,2,5
LRCH3,LRCH2,Others,3,2,1
LRCH4,LRCH1,Others,4,2,6
LRP1B,LRP1,Others,11,18,20
LRP6,LRP5,Others,20,20,85
LRRFIP2,LRRFIP1,Others,6,11,4
LRRTM4,LRRTM3,Others,6,0,3
LYN,HCK,Others,19,17,75
LYPLA2,LYPLA1,Others,11,15,9
LYSMD2,LYSMD1,Others,1,1,0
LYZL2,LYZL1,Others,0,0,0
MAB21L2,MAB21L1,Others,2,2,4
MAGI3,MAGI2,Others,10,9,6
MAML3,MAML1,Others,10,7,16
MANEAL,MANEA,Others,4,3,0
MAOB,MAOA,Others,7,3,6
MAP2K6,MAP2K3,Others,7,9,16
MAP3K13,MAP3K12,Others,2,13,12
MAP3K5,MAP3K15,Others,5,14,21
MAPRE3,MAPRE1,Others,15,13,18
MARK3,MARK2,Others,16,16,22
MARK4,MARK2,Others,21,19,26
MAST2,MAST1,Others,1,6,7
MAST4,MAST3,Others,0,3,6
MATK,CSK,Others,6,11,9
MBOAT2,MBOAT1,Others,4,6,10
MCAM,BCAM,Others,9,5,7
MCOLN2,MCOLN1,Others,15,5,6
MDGA2,MDGA1,Others,10,1,4
ME3,ME1,Others,5,16,15
MEF2C,MEF2A,Others,14,31,45
MEGF11,MEGF10,Others,2,5,10
METAP1D,METAP1,Others,3,5,7
METRNL,METRN,Others,3,3,4
METTL7B,METTL7A,Others,3,3,1
MFGE8,EDIL3,Others,10,4,2
MFSD2B,MFSD2A,Others,7,9,12
MGAT4B,MGAT4A,Others,10,3,6
MICB,MICA,Others,9,4,20
MID2,MID1,Others,6,12,14
MIER3,MIER1,Others,9,9,6
MMEL1,MME,Others,19,15,23
MOGAT2,MOGAT1,Others,5,5,8
MPP4,MPP3,Others,4,2,2
MPPED2,MPPED1,Others,1,2,1
MSI2,MSI1,Others,6,6,1
MST1R,MET,Others,11,10,42
MSTN,GDF11,Others,6,7,14
MTHFD1L,MTHFD1,Others,11,9,12
MTMR8,MTMR7,Others,10,5,7
MTNR1B,MTNR1A,Others,7,7,12
MTRF1L,MTRF1,Others,4,0,4
MX2,MX1,Others,30,8,30
MXI1,MXD3,Others,7,10,3
MYL6B,MYL3,Others,10,5,8
MYO1B,MYO1A,Others,26,11,9
MYO1F,MYO1E,Others,15,14,7
MYO1G,MYO1D,Others,15,7,5
MYO1H,MYO1C,Others,24,9,13
MYO7B,MYO7A,Others,16,12,16
MYO9B,MYO9A,Others,9,12,10
MYOF,DYSF,Others,18,9,18
MYZAP,GCOM1,Others,2,1,1
NAAA,ASAH1,Others,12,11,14
NAALAD2,FOLH1,Others,7,6,4
NAT2,NAT1,Others,2,5,2
NAV3,NAV2,Others,2,3,6
NBPF3,NBPF15,Others,0,0,0
NCOA2,NCOA1,Others,14,19,11
NCOA3,NCOA1,Others,19,21,14
NCOA3,NCOA2,Others,17,18,11
NDUFA4L2,NDUFA4,Others,6,5,1
NEDD4L,NEDD4,Others,18,21,65
NEDD9,BCAR1,Others,14,4,25
NEDD9,CASS4,Others,11,3,14
NEK7,NEK6,Others,9,11,16
NELL2,NELL1,Others,5,6,6
NEO1,DCC,Others,7,4,10
NFATC3,NFATC1,Others,16,18,20
NFATC3,NFATC2,Others,18,19,22
NFATC4,NFATC3,Others,13,17,14
NFE2L2,NFE2,Others,13,23,30
NFE2L2,NFE2L1,Others,13,16,27
NFIB,NFIA,Others,10,14,7
NFIX,NFIA,Others,7,12,6
NFIX,NFIB,Others,7,14,9
NHLH2,NHLH1,Others,3,13,7
NINL,NIN,Others,18,2,11
NIPAL1,NIPA2,Others,2,0,2
NIPSNAP3B,NIPSNAP3A,Others,3,1,0
NIT2,NIT1,Others,7,2,7
NLRP7,NLRP2,Others,6,5,9
NMI,IFI35,Others,14,4,13
NOL4L,NOL4,Others,2,2,0
NPBWR2,NPBWR1,Others,8,10,7
NPR2,NPR1,Others,7,19,20
NPTX2,NPTX1,Others,6,2,7
NR1H3,NR1H2,Others,12,19,44
NR3C1,AR,Others,20,40,44
NR5A2,NR5A1,Others,11,22,25
NRBP2,NRBP1,Others,6,2,8
NTN3,NTN1,Others,5,4,9
NTNG2,NTNG1,Others,10,6,11
NTRK2,NTRK1,Others,18,23,43
NXNL2,NXNL1,Others,0,1,1
NXPH2,NXPH1,Others,0,3,0
OBP2B,OBP2A,Others,4,0,2
OCM2,OCM,Others,4,3,0
OGDHL,OGDH,Others,8,6,7
ORMDL2,ORMDL1,Others,5,2,10
OSBP2,OSBP,Others,21,13,3
OSBPL11,OSBPL10,Others,9,10,3
OSBPL8,OSBPL5,Others,12,16,7
OSGIN2,OSGIN1,Others,2,5,6
OTUB2,OTUB1,Others,6,14,17
OTUD6B,OTUD6A,Others,1,5,14
OTUD7B,OTUD7A,Others,8,9,20
OXCT2,OXCT1,Others,7,5,5
OXT,AVP,Others,8,11,16
P2RX4,P2RX1,Others,16,13,27
P2RX4,P2RX2,Others,16,13,25
P2RY1,OXGR1,Others,7,4,7
P2RY4,P2RY2,Others,4,4,7
P4HA2,P4HA1,Others,12,5,2
PAIP2B,PAIP2,Others,4,6,4
PANX3,PANX1,Others,7,6,7
PARVB,PARVA,Others,13,6,17
PAX7,PAX3,Others,4,12,11
PBX4,PBX1,Others,8,11,15
PCBP3,PCBP2,Others,17,9,11
PCED1B,PCED1A,Others,0,2,0
PCGF3,PCGF1,Others,8,4,8
PCK2,PCK1,Others,10,15,28
PCSK4,FURIN,Others,18,15,31
PCYOX1L,PCYOX1,Others,6,4,4
PCYT1B,PCYT1A,Others,7,8,6
PDCL3,PDCL2,Others,5,3,10
PDE1B,PDE1A,Others,4,9,8
PDE4B,PDE4A,Others,12,12,7
PDE6H,PDE6G,Others,4,4,9
PDE7B,PDE7A,Others,2,6,7
PDHA2,PDHA1,Others,12,6,6
PDHB,BCKDHB,Others,12,6,8
PDLIM5,LDB3,Others,12,8,6
PEAR1,MEGF10,Others,3,5,10
PER2,PER1,Others,10,10,13
PEX11B,PEX11A,Others,13,5,12
PF4V1,PF4,Others,7,9,30
PFKFB3,PFKFB2,Others,6,8,5
PFKFB4,PFKFB3,Others,5,6,4
PGLYRP4,PGLYRP3,Others,3,7,9
PGM2L1,PGM2,Others,6,4,9
PGR,NR3C1,Others,14,27,22
PHACTR4,PHACTR2,Others,2,3,4
PHC3,PHC1,Others,14,6,5
PHC3,PHC2,Others,14,7,3
PHF19,MTF2,Others,11,10,7
PHF19,PHF1,Others,12,13,10
PHKA2,PHKA1,Others,4,3,7
PHKG2,PHKG1,Others,4,4,5
PHOX2B,PHOX2A,Others,5,13,15
PHYHIPL,PHYHIP,Others,4,2,1
PIAS2,PIAS1,Others,7,15,11
PIAS3,PIAS1,Others,3,15,12
PIK3C2B,PIK3C2A,Others,24,15,23
PIK3CD,PIK3CB,Others,16,12,82
PILRB,PILRA,Others,3,4,4
PKM,PKLR,Others,17,9,9
PKNOX2,PKNOX1,Others,3,10,4
PKP3,PKP1,Others,23,9,17
PKP4,CTNND2,Others,25,5,14
PLA2G2E,PLA2G2A,Others,7,14,26
PLA2G7,PAFAH2,Others,4,8,10
PLBD2,PLBD1,Others,5,3,6
PLCB3,PLCB1,Others,8,16,16
PLCG2,PLCG1,Others,13,11,30
PLEKHB2,PLEKHB1,Others,3,3,2
PLEKHG4B,ARHGEF40,Others,2,1,0
PLOD2,PLOD1,Others,6,6,9
PLOD3,PLOD1,Others,9,12,8
PLPP5,PLPP4,Others,3,9,6
PLPPR5,PLPPR1,Others,3,5,6
PLS3,LCP1,Others,23,5,13
PLS3,PLS1,Others,9,3,5
PMEPA1,LDLRAD4,Others,11,6,17
PMS1,MLH3,Others,5,7,2
PNPLA7,PNPLA6,Others,6,3,1
POLL,POLB,Others,10,12,17
PON2,PON1,Others,10,9,12
PPFIA3,PPFIA1,Others,10,2,10
PPP1R12B,PPP1R12A,Others,19,12,12
PPP1R14C,PPP1R14B,Others,0,2,1
PPP2CB,PPP2CA,Others,7,7,14
PPP2R2C,PPP2R2B,Others,4,4,2
PPP3CC,PPP3CA,Others,17,15,22
PPP3R2,PPP3R1,Others,3,5,5
PREX2,PREX1,Others,6,7,9
PRICKLE2,PRICKLE1,Others,5,1,8
PRICKLE3,PRICKLE2,Others,1,1,1
PRKAA2,PRKAA1,Others,15,10,27
PRKAR2B,PRKAR2A,Others,21,13,19
PRKCH,PRKCE,Others,12,11,25
PRKCZ,PRKCI,Others,17,13,26
PRMT8,PRMT1,Others,8,32,21
PROKR2,PROKR1,Others,5,3,5
PROS1,GAS6,Others,17,12,56
PRRX2,PRRX1,Others,6,11,3
PRSS41,PRSS21,Others,7,4,2
PRTFDC1,HPRT1,Others,4,10,15
PRTN3,ELANE,Others,24,17,31
PSD4,PSD2,Others,3,0,0
PSKH2,PSKH1,Others,2,2,0
PSMA8,PSMA7,Others,18,4,52
PSMB7,PSMB10,Others,19,4,54
PSMB8,PSMB5,Others,17,5,56
PTBP3,PTBP1,Others,6,7,18
PTH2R,PTH1R,Others,7,12,11
PTK2B,PTK2,Others,23,21,91
PTPN2,PTPN1,Others,13,18,28
PTPN21,PTPN14,Others,6,7,7
PTPN6,PTPN11,Others,17,24,47
PTPRE,PTPRA,Others,7,6,4
PWWP2B,PWWP2A,Others,2,4,0
PZP,A2M,Others,10,15,6
R3HDML,PI15,Others,3,0,1
RAB27B,RAB27A,Others,23,8,23
RAB2B,RAB2A,Others,10,5,3
RAB31,RAB22A,Others,15,10,13
RAB33B,RAB33A,Others,8,3,8
RAB37,RAB26,Others,11,4,6
RAB39B,RAB39A,Others,10,3,3
RABGAP1L,RABGAP1,Others,7,8,6
RAF1,ARAF,Others,15,8,24
RASA3,RASA2,Others,3,1,4
RASD2,RASD1,Others,0,2,2
RASGEF1B,RASGEF1A,Others,1,2,3
RASGRF2,RASGRF1,Others,4,2,9
RASL10B,RASL10A,Others,0,1,1
RASSF4,RASSF2,Others,10,3,11
RASSF5,RASSF1,Others,5,3,5
RBFOX2,RBFOX1,Others,12,9,9
RBM3,CIRBP,Others,8,7,8
RCAN3,RCAN2,Others,5,6,3
RCOR3,RCOR2,Others,6,4,6
RDH12,RDH11,Others,3,7,10
REEP6,REEP5,Others,5,3,2
REG1B,REG1A,Others,4,7,8
RELA,REL,Others,17,41,72
RELB,REL,Others,14,12,22
RFNG,LFNG,Others,1,6,3
RGS19,RGS17,Others,4,4,3
RGS7,RGS6,Others,5,6,6
RHBDL3,RHBDL1,Others,2,3,1
RHD,RHCE,Others,2,2,2
RHEBL1,RHEB,Others,8,13,9
RLN2,RLN1,Others,1,1,5
RMND5B,RMND5A,Others,11,4,2
RNASE3,RNASE2,Others,8,5,19
RNF113B,RNF113A,Others,5,2,6
RNF175,RNF121,Others,4,3,4
RNF40,RNF20,Others,12,13,15
RNFT2,RNFT1,Others,2,4,3
ROPN1B,ROPN1,Others,8,4,4
ROR2,ROR1,Others,8,11,19
RPEL1,RPE,Others,5,9,10
RPL26L1,RPL26,Others,12,9,17
RPL39L,RPL39,Others,8,3,11
RPS6KA5,RPS6KA4,Others,12,12,39
RRAS,KRAS,Others,10,14,17
RTP2,RTP1,Others,4,5,8
RUNDC3B,RUNDC3A,Others,2,2,2
RUNX2,RUNX1,Others,11,15,39
S100Z,S100A1,Others,8,13,5
SALL3,SALL1,Others,7,6,18
SAMD9L,SAMD9,Others,5,2,1
SATB2,SATB1,Others,9,14,8
SCAMP5,SCAMP4,Others,9,3,6
SCD5,SCD,Others,11,11,10
SCGB1C2,SCGB1C1,Others,0,1,0
SCGB2A2,SCGB2A1,Others,5,3,4
SCIN,GSN,Others,25,12,42
SCRIB,LRRC1,Others,17,2,20
SDCBP2,SDCBP,Others,27,14,18
SDF2L1,SDF2,Others,5,4,3
SDK2,SDK1,Others,4,1,8
SDSL,SDS,Others,4,8,9
SEC14L5,SEC14L1,Others,5,3,2
SEL1L2,SEL1L,Others,7,3,8
SEMA3F,SEMA3C,Others,5,5,15
SEMA5B,SEMA5A,Others,4,4,15
SEMG2,SEMG1,Others,10,5,16
SERP2,SERP1,Others,5,2,7
SESN3,SESN1,Others,12,7,16
SETSIP,SET,Others,18,9,8
SFRP5,SFRP1,Others,10,9,76
SFT2D2,SFT2D1,Others,1,3,1
SFTPA2,SFTPA1,Others,14,3,5
SGMS2,SGMS1,Others,18,13,11
SGPP2,SGPP1,Others,7,5,8
SGSM2,SGSM1,Others,4,6,6
SH3GL2,SH3GL1,Others,9,5,10
SH3GLB2,SH3GLB1,Others,8,7,14
SHC3,SHC1,Others,7,14,33
SHC4,SHC1,Others,5,13,29
SHOX2,SHOX,Others,6,12,7
SI,MGAM,Others,8,7,4
SIAH2,SIAH1,Others,8,14,25
SIDT2,SIDT1,Others,7,5,3
SIGLEC11,SIGLEC10,Others,3,7,3
SIRT5,SIRT4,Others,11,14,16
SIX6,SIX3,Others,6,12,11
SLC10A4,SLC10A2,Others,3,5,3
SLC12A3,SLC12A2,Others,24,14,26
SLC13A5,SLC13A3,Others,10,19,10
SLC16A7,SLC16A1,Others,19,10,10
SLC16A8,SLC16A3,Others,15,4,7
SLC1A5,SLC1A4,Others,14,17,16
SLC22A12,SLC22A11,Others,10,7,7
SLC22A2,SLC22A1,Others,10,25,35
SLC22A5,SLC22A4,Others,10,17,16
SLC23A2,SLC23A1,Others,11,10,11
SLC24A4,SLC24A3,Others,9,6,15
SLC25A22,SLC25A18,Others,3,8,11
SLC25A40,SLC25A39,Others,0,0,0
SLC25A52,SLC25A51,Others,2,2,2
SLC25A6,SLC25A4,Others,11,3,7
SLC27A3,SLC27A2,Others,20,19,15
SLC27A4,SLC27A1,Others,12,15,48
SLC27A6,SLC27A2,Others,16,17,15
SLC28A2,SLC28A1,Others,9,20,23
SLC2A7,SLC2A5,Others,7,5,8
SLC37A2,SLC37A1,Others,8,4,10
SLC38A4,SLC38A1,Others,6,8,6
SLC38A5,SLC38A4,Others,4,13,14
SLC38A8,SLC38A7,Others,0,12,2
SLC3A2,SLC3A1,Others,14,13,12
SLC43A2,SLC43A1,Others,3,9,9
SLC45A4,SLC45A1,Others,2,2,1
SLC4A7,SLC4A10,Others,9,6,11
SLC52A2,SLC52A1,Others,7,7,6
SLC5A8,SLC5A12,Others,6,7,7
SLC6A17,SLC6A15,Others,4,4,9
SLC6A19,SLC6A18,Others,7,4,4
SLC6A3,SLC6A2,Others,20,12,13
SLC6A6,SLC6A11,Others,11,8,13
SLC6A6,SLC6A13,Others,11,9,16
SLC7A2,SLC7A1,Others,13,17,16
SLC7A7,SLC7A6,Others,6,6,11
SLC9A4,SLC9A2,Others,4,4,8
SLC9B2,SLC9B1,Others,4,5,3
SLFN12L,SLFN12,Others,0,1,0
SMAD3,SMAD2,Others,28,51,72
SMOC2,SMOC1,Others,6,7,15
SMOX,PAOX,Others,7,7,9
SMYD2,SMYD1,Others,4,7,8
SNAP25,SNAP23,Others,30,9,19
SNCB,SNCA,Others,28,30,65
SNTB1,SNTA1,Others,13,6,7
SNX3,SNX12,Others,15,8,22
SNX6,SNX32,Others,6,5,8
SORCS3,SORCS1,Others,5,2,1
SOX2,SOX1,Others,9,14,33
SOX21,SOX14,Others,4,8,8
SOX6,SOX5,Others,7,11,18
SP4,SP2,Others,5,14,5
SP9,SP8,Others,2,8,2
SPAG11B,SPAG11A,Others,0,1,3
SPAM1,HYAL1,Others,11,4,30
SPOCK3,SPOCK1,Others,1,5,5
SPRR1B,SPRR1A,Others,7,4,8
SPRR2B,SPRR2A,Others,5,1,2
SPRY2,SPRY1,Others,12,5,24
SRGAP1,ARHGAP4,Others,5,3,6
SRGAP2C,SRGAP2B,Others,2,2,6
SRI,GCA,Others,17,11,17
SRPK3,SRPK2,Others,12,9,17
SRSF6,SRSF5,Others,8,10,24
SRSF9,SRSF1,Others,13,11,20
SSTR4,SSTR1,Others,7,9,10
ST6GALNAC6,ST6GALNAC5,Others,2,4,8
ST7L,ST7,Others,0,0,0
ST8SIA4,ST8SIA2,Others,2,6,19
STAG3,STAG2,Others,22,3,5
STAMBPL1,STAMBP,Others,14,9,10
STAT4,STAT3,Others,14,23,68
STAT5B,STAT5A,Others,8,12,33
STEAP1B,STEAP1,Others,7,3,0
STEAP3,STEAP2,Others,12,5,10
STK4,STK3,Others,13,20,27
STOML3,STOM,Others,19,5,3
STRN4,STRN,Others,5,17,3
STX3,STX1B,Others,24,6,18
STXBP3,STXBP1,Others,19,10,20
STXBP5L,STXBP5,Others,7,7,5
SULF1,GNS,Others,14,11,17
SULF2,SULF1,Others,14,12,21
SUV39H2,SUV39H1,Others,10,14,12
SYNGAP1,DAB2IP,Others,6,21,54
SYNGR3,SYNGR1,Others,6,2,2
SYP,SYNPR,Others,4,6,1
SYPL2,SYP,Others,4,5,2
SYT4,SYT11,Others,10,13,17
SYTL3,SYTL1,Others,7,4,3
TAB3,TAB2,Others,8,4,29
TACR3,TACR1,Others,13,6,13
TAF15,FUS,Others,9,13,13
TAOK2,TAOK1,Others,11,10,35
TAOK3,TAOK1,Others,6,10,31
TAS2R40,TAS2R39,Others,6,4,6
TAX1BP1,CALCOCO1,Others,5,12,6
TBC1D2B,TBC1D2,Others,6,6,5
TBC1D9,TBC1D8B,Others,1,4,6
TBK1,IKBKE,Others,14,13,28
TBX10,TBX1,Others,3,10,11
TBX3,TBX2,Others,4,17,34
TBX5,TBX4,Others,8,15,30
TBXAS1,CYP3A5,Others,4,15,14
TCAF2,TCAF1,Others,5,7,12
TCF15,SCX,Others,4,11,6
TCF21,MSC,Others,5,14,7
TCF7,LEF1,Others,13,25,38
TCTN3,TCTN1,Others,4,1,8
TEC,ITK,Others,6,8,26
TENM4,TENM1,Others,4,8,10
TES,LMCD1,Others,9,6,4
TF,LTF,Others,44,11,48
TFAP2C,TFAP2A,Others,13,24,34
TFCP2L1,TFCP2,Others,9,14,6
TGFB2,TGFB1,Others,18,28,182
TGFB3,TGFB1,Others,18,27,145
TGFB3,TGFB2,Others,12,25,89
TGIF2LY,TGIF2LX,Others,2,9,2
THRB,THRA,Others,8,22,20
TJAP1,BEGAIN,Others,3,2,2
TLE2,TLE1,Others,15,11,15
TLR5,TLR2,Others,13,15,44
TLR6,TLR1,Others,12,16,33
TM2D3,TM2D2,Others,1,1,1
TMBIM1,FAIM2,Others,9,3,6
TMC8,TMC7,Others,6,5,5
TMEM120B,TMEM120A,Others,5,4,6
TMEM184B,TMEM184A,Others,3,2,2
TMEM59L,TMEM59,Others,9,1,5
TMEM63C,TMEM63A,Others,10,6,2
TMEM74B,TMEM74,Others,0,1,1
TMEM86B,TMEM86A,Others,3,10,2
TMPRSS6,PRSS21,Others,9,4,9
TMUB2,TMUB1,Others,0,2,3
TNFAIP3,OTUD7B,Others,10,19,41
TNFRSF10B,TNFRSF10A,Others,12,6,26
TNRC6B,TNRC6A,Others,12,4,21
TOR3A,TOR1B,Others,11,7,4
TOX4,TOX3,Others,7,8,5
TP63,TP53,Others,27,49,99
TP73,TP53,Others,29,55,103
TP73,TP63,Others,14,24,28
TPD52L1,TPD52,Others,7,6,10
TPH2,PAH,Others,3,3,4
TPTE2,TPTE,Others,9,4,16
TRABD2B,TRABD2A,Others,10,11,8
TRIM3,TRIM2,Others,2,6,5
TRIM9,TRIM67,Others,2,4,1
TRIP10,FNBP1,Others,7,4,3
TRPC5,TRPC4,Others,13,10,12
TRPM3,TRPM1,Others,4,5,10
TRPM7,TRPM6,Others,5,4,8
TRPV6,TRPV5,Others,8,9,12
TSHZ3,TSHZ1,Others,7,8,3
TSPAN11,CD151,Others,8,3,9
TSPAN31,TSPAN13,Others,4,1,1
TSPAN5,TSPAN17,Others,5,3,9
TSPAN7,TSPAN6,Others,3,2,3
TSPAN9,CD82,Others,7,2,1
TSPYL6,TSPYL1,Others,6,6,1
TSSK2,TSSK1B,Others,5,9,6
TUBG2,TUBG1,Others,22,7,15
TXLNB,TXLNA,Others,4,2,1
TXLNG,TXLNA,Others,4,3,3
TYK2,JAK3,Others,7,8,30
TYW1B,TYW1,Others,0,1,2
UACA,RAI14,Others,8,3,3
UBE2G2,UBE2G1,Others,8,9,16
UBE3C,UBE3B,Others,0,4,5
UCHL3,UCHL1,Others,11,15,11
UGT3A2,UGT3A1,Others,3,5,1
UHRF1BP1L,UHRF1BP1,Others,2,7,0
UHRF2,UHRF1,Others,10,14,19
UNC13B,UNC13A,Others,18,6,22
UNC13C,UNC13B,Others,18,6,20
UNC5B,UNC5A,Others,1,3,8
UPP2,UPP1,Others,4,5,7
UQCRHL,UQCRH,Others,5,1,6
USF2,USF1,Others,11,27,16
USP19,USP11,Others,8,8,10
USP4,USP11,Others,12,8,9
USP9Y,USP9X,Others,9,9,20
UTY,KDM6A,Others,7,7,6
VASH2,VASH1,Others,7,9,18
VAV3,VAV1,Others,4,8,27
VEGFC,VEGFA,Others,11,27,103
VGF,PALM3,Others,6,3,11
VIL1,AVIL,Others,15,15,33
VPS13C,VPS13A,Others,13,1,11
WASF3,WASF2,Others,12,8,13
WASHC2C,WASHC2A,Others,9,11,6
WDFY4,WDFY3,Others,12,2,1
WDR5B,WDR5,Others,11,5,11
WFIKKN2,WFIKKN1,Others,1,11,4
WNT10B,WNT10A,Others,4,7,23
WNT2B,WNT2,Others,10,9,28
WNT3A,WNT3,Others,21,12,45
WNT5B,WNT5A,Others,22,11,72
WNT7B,WNT7A,Others,17,11,49
WNT8B,WNT8A,Others,4,6,16
WNT9B,WNT9A,Others,4,7,14
WWC2,WWC1,Others,7,6,13
WWC3,WWC2,Others,2,4,6
WWP1,ITCH,Others,13,14,31
WWP2,WWP1,Others,9,10,29
XCL2,XCL1,Others,4,9,51
XIAP,BIRC3,Others,14,13,40
XPNPEP2,XPNPEP1,Others,7,5,2
YY2,YY1,Others,9,19,13
ZAP70,SYK,Others,15,23,50
ZBTB3,ZBTB18,Others,7,10,4
ZBTB8B,ZBTB46,Others,4,5,2
ZC3H12B,ZC3H12A,Others,11,12,41
ZC3H12C,ZC3H12B,Others,5,6,3
ZCCHC13,CNBP,Others,2,10,6
ZCCHC18,ZCCHC12,Others,2,1,0
ZDHHC2,ZDHHC15,Others,9,9,17
ZFAND6,ZFAND5,Others,3,5,6
ZFHX4,ZFHX3,Others,11,12,9
ZFP69B,ZFP69,Others,2,7,5
ZFYVE9,ZFYVE16,Others,11,6,10
ZMYM4,ZMYM2,Others,2,4,4
ZNF260,ZNF146,Others,6,9,3
ZNF280B,ZNF280A,Others,0,5,2
ZNF292,RLF,Others,2,5,2
ZNF346,ZMAT4,Others,3,7,0
ZNF384,ZNF362,Others,1,5,2
ZNF385D,ZNF385B,Others,3,2,1
ZNF426,ZNF266,Others,1,7,3
ZNF521,ZNF423,Others,4,8,7
ZNF630,ZNF300,Others,6,7,3
ZNF687,ZNF532,Others,2,1,0
ZNF703,ZNF503,Others,6,4,13
ZNF81,ZNF175,Others,5,9,4
ZRANB3,SMARCAD1,Others,7,10,17
